AreaType,AreaCodeName,2006-2010Persons_dsr,2006-2010Persons_lower95CI,2006-2010Persons_upper95CI,2007-2011Persons_dsr,2007-2011Persons_lower95CI,2007-2011Persons_upper95CI,2008-2012Persons_dsr,2008-2012Persons_lower95CI,2008-2012Persons_upper95CI,2009-2013Persons_dsr,2009-2013Persons_lower95CI,2009-2013Persons_upper95CI,2010-2014Persons_dsr,2010-2014Persons_lower95CI,2010-2014Persons_upper95CI,2011-2015Persons_dsr,2011-2015Persons_lower95CI,2011-2015Persons_upper95CI,2006-2010Males_dsr,2006-2010Males_lower95CI,2006-2010Males_upper95CI,2007-2011Males_dsr,2007-2011Males_lower95CI,2007-2011Males_upper95CI,2008-2012Males_dsr,2008-2012Males_lower95CI,2008-2012Males_upper95CI,2009-2013Males_dsr,2009-2013Males_lower95CI,2009-2013Males_upper95CI,2010-2014Males_dsr,2010-2014Males_lower95CI,2010-2014Males_upper95CI,2011-2015Males_dsr,2011-2015Males_lower95CI,2011-2015Males_upper95CI,2006-2010Females_dsr,2006-2010Females_lower95CI,2006-2010Females_upper95CI,2007-2011Females_dsr,2007-2011Females_lower95CI,2007-2011Females_upper95CI,2008-2012Females_dsr,2008-2012Females_lower95CI,2008-2012Females_upper95CI,2009-2013Females_dsr,2009-2013Females_lower95CI,2009-2013Females_upper95CI,2010-2014Females_dsr,2010-2014Females_lower95CI,2010-2014Females_upper95CI,2011-2015Females_dsr,2011-2015Females_lower95CI,2011-2015Females_upper95CI
MSOA,E02002330,677.6,581.2695,784.4041,648.5,557.7513,749.0903,655.9,567.1508,754.0153,589.6,506.9596,681.3906,587.7,506.5372,677.7789,580.9,502.2082,668.1259,754.7,594.5315,940.4348,735.7,580.8414,915.1457,791.7,636.2197,970.5364,726.7,582.1729,893.5872,699.4,563.7536,856.0325,655.1,528.9812,800.7308,629.5,508.9236,768.8259,611.8,494.9694,746.7978,583.4,473.1557,710.7873,500.6,400.9151,616.9256,505.9,406.9983,621.0293,516.4,418.4914,629.9369
MSOA,E02002331,1057,950.8338,1171.6508,1088,981.02,1203.3209,1078.9,973.1418,1192.8601,1087.8,982.8546,1200.7377,1052.1,950.597,1161.3134,999.8,903.1144,1103.8208,1373.7,1158.0267,1615.4869,1412.5,1190.6852,1660.2864,1363.6,1154.1147,1597.686,1401.1,1192.457,1633.5478,1354.8,1156.5201,1575.6391,1286.8,1094.9388,1500.9293,924.7,797.5937,1065.7694,939.4,811.5365,1081.0601,956.7,827.2048,1099.9951,943.7,816.4567,1084.3719,896.1,774.9528,1030.0016,842.3,729.9751,966.2296
MSOA,E02002332,940.6,829.5048,1062.175,881.3,775.0149,997.8527,863.8,759.757,977.894,799.7,700.4432,908.8727,757.1,661.9889,861.8603,763,668.8151,866.5941,1301.8,1087.2975,1543.9796,1210.2,988.0341,1462.6946,1214.5,999.6914,1458.1777,1118.3,913.1193,1351.9463,1075.7,867.7864,1312.9426,1165.1,946.5081,1412.8455,694.8,575.0177,831.9248,693.2,574.8739,828.4334,655.3,541.6916,785.4306,602.6,494.5472,726.9624,567.9,465.1359,686.4046,530.3,431.6596,644.6016
MSOA,E02002333,941.6,851.1257,1038.8783,927.9,838.7122,1023.795,889.7,803.2523,982.7229,840.2,757.6142,929.1571,869.5,786.1459,959.1383,867.8,785.7778,955.9449,1252.3,1077.6696,1446.4741,1198.8,1028.675,1388.3351,1184.2,1017.9192,1369.2429,1057.1,903.0391,1229.4715,1060.1,907.6728,1230.4807,1010.2,865.376,1172.1331,789.7,683.4077,907.1294,784.1,679.8812,899.0612,715.7,617.5852,824.245,708,612.3801,813.615,762.1,662.4215,871.8462,781.7,682.1903,891.0657
MSOA,E02002334,723.4,640.2235,814.3036,733.7,651.1594,823.7411,714,633.4638,801.8811,725.4,645.3627,812.5703,689.9,613.1597,773.5395,688,612.3756,770.3408,929,776.8355,1101.2313,964.3,808.023,1140.6699,878.8,729.0423,1048.6071,830.8,688.1515,992.8451,741.7,614.8437,886.1556,685.3,566.9585,820.3351,583.1,487.5341,691.7119,589.4,494.7466,696.7256,605,510.8361,711.3573,656.8,559.5146,765.9775,636.1,541.7281,742.0079,675.9,578.9892,784.2596
MSOA,E02002335,735.3,648.2272,830.5548,681.3,598.3573,772.288,672.4,591.0036,761.6437,631.6,554.8477,715.8433,594.9,521.2292,675.9306,541.9,472.5082,618.4944,870.1,730.4402,1028.0422,826.4,690.9723,979.8897,853.1,717.2168,1006.454,781.7,654.0285,926.3347,720.6,597.8653,860.3622,647,532.491,778.088,638.7,528.5816,764.3521,574.5,471.8796,692.3196,526.5,429.9698,637.8159,513.4,421.5667,619.0947,501.1,411.8274,603.8476,463.3,378.3557,561.521
MSOA,E02002336,713.2,627.1653,807.6667,684.5,602.1982,774.8512,632.4,554.7086,717.8698,656.8,578.8127,742.3059,671.1,593.2156,756.303,639.5,564.0017,722.2187,808,657.8218,980.2173,780.7,636.4805,946.0842,722.4,588.7967,875.884,719.7,590.1573,868.2535,730.2,603.5197,874.9814,715.4,593.9708,853.9584,622.1,520.0368,738.1519,603.5,504.5778,715.9264,555.6,460.6642,663.9278,597.7,501.1266,707.1048,612.1,515.2534,721.4874,567.6,474.0574,673.8122
MSOA,E02002337,777,671.3265,894.2821,731.3,629.9244,844.021,762.5,660.1222,875.9245,711.3,614.319,818.9071,745.7,648.3249,853.3268,750.6,654.1689,857.0169,824.7,644.3118,1035.7431,839,653.1848,1056.203,1026.7,611.3157,1510.6287,898.2,641.4249,1196.87,914,696.7068,1165.0822,945.3,723.9175,1200.7612,703.8,579.6654,846.582,636.9,520.3425,771.6754,671.3,553.4176,806.7238,606,495.5101,733.584,627.4,516.7831,754.5549,640.8,529.9612,767.831
MSOA,E02002338,1260.5,1137.1156,1393.466,1267.8,1146.195,1398.6308,1175.4,1060.6658,1298.9856,1178.1,1066.8628,1297.6204,1170.5,1062.3657,1286.5059,1142.4,1037.565,1254.8135,1589.6,1340.8761,1868.0667,1579.1,1339.7418,1846.4015,1475.1,1243.5973,1733.789,1532,1313.3398,1774.7438,1486.8,1276.6965,1719.8648,1457.7,1260.583,1675.9272,1073.5,930.753,1231.2755,1086.1,944.9059,1241.8144,991.6,859.4946,1137.6471,957.4,831.0509,1096.9252,968,844.1321,1104.3237,936.9,816.0966,1069.9048
MSOA,E02002339,1024.6,911.6298,1147.518,1027.3,913.9203,1150.6132,1058.1,942.6609,1183.5198,1113,994.6089,1241.3692,1086.2,970.5418,1211.6518,1068.7,954.1691,1193.0217,1193.8,994.0645,1421.2456,1230,1030.2446,1456.6014,1319.5,1113.0414,1552.5034,1367.9,1158.7407,1603.2205,1369.6,1161.7026,1603.3281,1344.8,1141.8506,1572.8822,910.2,775.134,1061.1747,868.5,736.1754,1016.6482,861.4,728.5843,1010.2969,923.9,785.2863,1078.8891,862.8,732.5024,1008.7269,857.3,726.1592,1004.5231
MSOA,E02002340,850,745.2857,964.9985,860.1,754.4779,976.0522,828.2,726.0797,940.3708,803.6,704.6303,912.3932,902.3,796.3918,1018.1411,877.1,772.6799,991.4868,1175.1,970.891,1407.0762,1126.9,932.7236,1347.4794,1075.6,889.2185,1287.7336,1058,877.5187,1263.4182,1170,978.7627,1386.4569,1116.6,932.4215,1325.531,649.1,532.1514,783.4511,656.5,539.057,791.2573,638.6,524.7478,769.1604,614.5,504.121,741.3814,711.3,590.6791,848.7241,704.8,583.4169,843.3787
MSOA,E02002341,681.9,597.0208,774.9789,675.2,592.4916,765.8027,659.2,578.6442,747.4295,644.5,565.5672,730.9077,653.1,574.1612,739.4281,624.1,549.6266,705.5581,769.6,630.3866,928.127,743.8,611.1945,894.7275,704.4,578.8575,847.5039,705,583.0651,843.515,715.3,597.5043,848.7468,714.8,597.7662,847.3254,615.9,510.5556,736.0422,623.5,519.0612,742.3107,625.5,521.847,743.1919,591.8,491.1117,706.3441,599.6,496.4584,716.935,549.4,456.0415,655.7104
MSOA,E02002342,728,630.4325,835.9396,716.7,621.2229,822.2776,718.5,624.4912,822.3124,731.2,639.1161,832.564,803.8,708.2386,908.4287,858.7,760.4384,965.9069,921.6,738.4851,1132.3546,872.1,694.9843,1076.4801,830.2,664.3244,1021.7385,777.7,631.654,945.7904,882,729.0648,1056.3285,934.7,781.244,1108.6225,599.4,487.8979,728.4203,618,506.1728,746.8716,654.1,539.0893,786.0664,694.8,577.4476,828.7065,750.6,629.1428,888.3804,803.8,677.5051,946.449
MSOA,E02002343,827.3,707.429,961.2063,743.3,631.8191,868.4522,782.3,669.863,907.9409,794.3,681.8169,919.8006,800.4,687.6768,926.0938,828,713.9618,954.8008,1273.8,980.1492,1614.8346,1228.6,788.3533,1744.583,988.9,775.3684,1238.2874,930.3,731.1008,1163.3508,1056.7,642.1395,1543.0237,1048.9,803.1759,1334.9422,609.1,481.4782,759.6931,575.4,452.2124,721.3842,627.1,500.0199,776.1785,670.7,540.3718,822.6582,694.4,563.2903,846.6658,697.1,566.489,848.672
MSOA,E02002344,700.5,621.3594,786.8064,650,575.1805,731.7443,613.2,541.7859,691.3118,647.7,574.9638,726.9987,635.1,563.7132,712.939,631.1,559.9673,708.6734,816,678.9519,971.757,741.5,615.3803,885.3358,719.8,599.2897,857.0981,785.2,661.3502,925.3223,817.1,690.4353,960.1081,835.7,705.853,982.3011,619.7,524.7296,726.5891,591.6,499.3251,695.6558,543.4,456.1246,642.185,556.6,468.8069,655.721,523.1,438.753,618.5703,511.8,428.8667,605.711
MSOA,E02002345,730.5,635.0265,836.0251,741.2,646.271,845.9139,735.5,642.146,838.4107,728,636.1273,829.2565,727.5,634.9894,829.5026,764.7,670.0387,868.7371,942.5,776.7491,1132.3562,944.8,780.385,1132.8104,973.5,810.0302,1159.6486,977.8,817.0191,1160.5297,942.9,781.3422,1127.1519,951.8,786.2287,1140.4364,571.5,462.2465,698.287,586.1,477.328,711.786,548.6,444.3363,669.5064,529.9,427.8307,648.5303,570.7,463.2491,695.1211,632.9,520.6945,761.6477
MSOA,E02002346,956.8,843.294,1080.9719,1010.2,893.6455,1137.4231,1086.4,965.4192,1218.0886,1015.6,898.7782,1143.1939,1023.2,904.5525,1152.8907,998.5,881.9148,1126.0828,1247.8,1039.2119,1483.4958,1285.9,1080.1612,1517.8146,1376.6,1162.4467,1617.2737,1293.1,1083.5425,1529.7933,1249.4,1046.3135,1479.2688,1237.3,1036.9037,1464.3223,766.7,635.1283,916.9907,820.6,683.8879,976.1252,890.9,748.5729,1051.9966,832.7,695.5789,988.6148,855.3,714.7081,1015.1613,827.6,689.1339,985.4354
MSOA,E02002347,1130.5,1007.841,1263.4808,1130.1,1005.8671,1264.9701,1107.6,984.1043,1241.8614,1075.7,954.2166,1207.9542,1013.7,896.3769,1141.723,984.6,868.4338,1111.599,1463.6,1244.4504,1709.1185,1398.2,1181.9769,1641.559,1385.3,1169.0339,1629.1772,1306.8,1096.539,1544.893,1252.5,1046.8297,1486.0267,1157,960.8275,1380.7289,920,777.4029,1080.0281,960.1,812.3901,1125.751,939.2,792.2334,1104.3667,935.6,788.6064,1100.797,856.9,717.9325,1013.6719,865.2,723.4247,1025.334
MSOA,E02002348,779.7,688.9506,878.7258,830.2,738.8594,929.3741,933.2,836.7774,1037.3177,909.8,815.9077,1011.1543,943.4,847.7244,1046.5252,939.5,843.9708,1042.508,1148.6,971.9213,1347.5271,1129.7,956.3328,1324.8247,1196.2,1018.9396,1394.923,1169,996.555,1362.2591,1140.3,971.9762,1329.0043,1049.7,887.9356,1232.0455,536.7,443.021,643.3225,626.5,528.9665,735.9178,751.9,644.4748,871.0956,737.4,632.0338,854.2516,817.5,704.2636,942.6012,886.4,766.3769,1018.6821
MSOA,E02002349,1042.5,928.5824,1166.0337,1017.3,905.0969,1139.1103,974.5,865.389,1093.1386,977.4,867.966,1096.3267,943.1,836.9942,1058.471,975.4,868.3565,1091.5942,1213.7,1019.2788,1433.8565,1240.2,1044.8693,1460.9155,1186.9,996.8043,1402.0647,1155,966.6099,1368.5157,1129.2,946.2767,1336.4277,1217.4,1030.4144,1428.0122,896.4,762.9393,1044.9611,847,717.5269,991.7229,812.7,687.1427,953.412,841.5,713.5203,984.5989,811.5,686.4472,951.553,802.4,678.7204,940.9611
MSOA,E02002350,738.3,640.1553,846.8023,691.9,597.8054,796.1475,668.5,577.9445,768.8266,719.8,627.7044,821.2809,675.2,586.8142,772.8468,721,630.2242,820.8641,1021.4,832.7579,1236.7659,928.1,752.1989,1129.9338,925.9,753.0216,1123.8082,950.1,782.3616,1141.1095,931.7,764.9638,1121.9566,927.2,764.8066,1112.0311,552.6,443.5364,679.87,539.2,432.737,663.4352,495.5,396.0094,612.0011,557,453.0326,677.3874,501,404.0771,613.9165,581.4,475.6939,703.2176
MSOA,E02002351,826.7,713.1743,952.3837,799.3,689.6809,920.688,785.4,678.895,903.2271,769.4,665.6987,884.0985,760.7,658.9468,873.1148,741.1,641.8,850.8294,1067.2,860.6469,1304.0654,1056.5,840.206,1304.9795,1016,802.4828,1261.1415,902.5,714.2795,1119.4086,895.5,718.966,1098.4271,823.8,659.637,1013.108,654.6,525.0185,805.5642,643.6,518.6442,788.9433,648.9,525.6227,791.9614,678,553.5212,821.7372,662,540.1727,802.5809,680.1,557.0163,821.7622
MSOA,E02002352,940.2,853.6771,1032.6516,990.9,902.6972,1084.916,999.8,910.9456,1094.5105,1007.7,918.9139,1102.2988,983.1,896.4889,1075.3976,1027.1,937.9711,1121.9827,1070.1,918.7433,1238.8233,1164.4,1007.7576,1337.987,1236.7,1075.851,1414.323,1253.7,1093.0805,1430.8375,1263.8,1104.7467,1439.0257,1319.5,1156.2449,1499.0999,867,761.5705,981.6509,890.3,784.4198,1005.1883,844.3,741.8653,955.6645,838.7,737.3156,948.9079,805.2,706.6711,912.4199,846.2,743.6167,957.6671
MSOA,E02002353,877.2,751.7255,1017.28,837.2,714.9923,973.9768,856.1,732.2213,994.6134,859,734.5871,998.1107,857.9,733.4351,997.0688,880.4,751.9465,1024.0744,942.1,730.7566,1192.8351,895.4,687.9847,1142.9477,823.4,625.9699,1060.5994,819.2,622.0205,1055.77,810.6,619.4062,1039.0775,869.7,664.9346,1114.085,819.2,666.4592,995.692,789.8,641.4096,961.6264,873.1,714.9646,1055.2205,882.1,721.7939,1066.8396,878.4,716.8562,1064.9366,901.4,733.8824,1095.1004
MSOA,E02002354,1097.6,1000.0322,1201.9238,1059.1,962.415,1162.672,1020.3,925.909,1121.4911,1007.8,914.2803,1108.0571,1018.5,924.6986,1119.0131,1048.1,952.0301,1151.0131,1232.4,1063.0256,1420.578,1152.2,988.5649,1334.6105,1144.6,985.3011,1321.7752,1142.2,986.6505,1314.8373,1178.5,1021.2609,1352.6629,1207,1047.2688,1383.7534,988.7,872.7566,1115.1792,984.3,866.6946,1112.8724,922.5,808.8588,1047.1193,910.5,796.385,1035.8224,904,790.3847,1028.8208,932.6,815.5252,1061.2214
MSOA,E02002356,978.8,878.8369,1086.9494,993.7,892.398,1103.2496,937.6,839.086,1044.353,921.5,824.0286,1027.1483,956,857.3186,1062.7747,990.9,890.509,1099.4057,1194.2,1003.6786,1409.2171,1226.9,1031.498,1447.077,1131.2,943.787,1343.1466,1177,985.482,1392.8845,1261.3,1061.9285,1485.0425,1261.1,1067.1071,1478.291,868.8,751.3371,999.1331,874.2,755.5365,1005.8653,828.6,713.154,957.0012,780.1,668.099,905.0255,791.2,679.0373,916.1958,816,702.1766,942.7377
MSOA,E02002357,930.6,829.7877,1040.2006,954.9,852.9589,1065.5837,1008.8,903.9528,1122.3758,993.3,889.4072,1105.8817,961.8,859.8867,1072.3431,926.5,827.26,1034.2647,1140.3,959.0448,1345.0262,1213.3,1026.1915,1423.8116,1294.7,1097.6595,1515.8266,1256.4,1060.8446,1476.1726,1277.7,1073.9066,1506.9834,1258.1,1061.8352,1478.5114,821.5,697.8326,960.2844,810.4,688.6102,947.0773,849.7,726.1404,987.813,849.1,725.5125,987.2009,806.1,686.8514,939.5649,744.2,629.7857,872.8772
MSOA,E02002358,946.6,838.2404,1064.6166,909.1,806.0507,1021.3812,905.9,804.8965,1015.8739,930.3,828.5451,1040.9254,929.3,827.0818,1040.4588,963.2,859.9658,1075.2312,1166.5,961.0129,1398.5009,1101.9,921.4204,1305.7501,1094.7,919.1098,1292.7081,1154.3,970.3209,1361.2141,1202,1005.7073,1422.7627,1172,985.7117,1381.1334,811.8,685.0984,954.7345,784.8,662.0987,923.3333,762.2,644.1557,895.4215,776.3,657.9925,909.6076,765.4,648.0265,897.7588,819.7,698.1676,956.1846
MSOA,E02002359,908.9,805.901,1021.1589,834,737.4908,939.4082,848.6,751.9898,953.9735,806.4,713.2076,908.2016,786.2,694.6293,886.3099,770.8,678.6465,871.6974,1196.3,1003.3801,1412.9551,1114.2,937.5838,1312.688,1171.4,979.4931,1386.7655,1083.6,902.1082,1287.9462,1083.4,899.8957,1290.091,1002.7,826.8275,1201.5954,700.7,584.7475,832.6088,618.7,511.8058,741.0707,632.8,525.8193,754.936,618.4,513.9419,737.7196,599.1,496.4742,716.5843,615.6,510.3079,736.0692
MSOA,E02002360,1019.5,896.7234,1154.2102,1040,916.3098,1175.5196,981.3,861.2306,1113.1864,941.2,823.6396,1070.608,957.8,840.8341,1086.3018,973.3,855.759,1102.2892,1302.7,1056.4465,1585.5971,1373.7,1111.7394,1673.588,1165.5,932.1998,1434.5351,1061.5,844.0081,1313.5234,1106.1,896.2122,1347.3675,1167.8,946.2149,1421.6104,882.8,739.8968,1044.7623,881.3,739.5125,1041.8557,880.2,736.9878,1042.5125,864.8,722.5233,1026.3469,843.4,704.4002,1001.3752,847.4,708.0271,1005.7992
MSOA,E02002361,1307.4,1175.063,1450.2253,1288.7,1157.7382,1430.0988,1352.6,1216.6474,1499.2394,1338.6,1203.0644,1484.8626,1276.4,1143.9222,1419.586,1301.6,1166.7628,1447.2589,1506.4,1247.1155,1799.8779,1502.8,1251.9391,1786.3807,1585.7,1331.6054,1872.1227,1555.4,1312.2175,1829.2054,1458.4,1226.4256,1720.5214,1496.7,1259.8691,1764.1983,1172.8,1018.2918,1343.0538,1120.8,972.5511,1284.4006,1177.7,1022.417,1348.9522,1168.7,1011.5471,1342.3192,1131.3,975.8237,1303.3044,1157.6,999.7584,1332.0593
MSOA,E02002362,1129.8,1013.9966,1254.9239,1127.6,1012.0599,1252.4262,1114.2,998.2083,1239.6352,1110.8,994.5897,1236.4993,1126.2,1007.2654,1254.9034,1155.6,1033.1055,1288.126,1650.1,1387.9424,1941.4396,1497.1,1275.2458,1743.8504,1383.1,1171.7212,1619.1558,1333.3,1131.2761,1559.1905,1341.6,1143.1199,1563.3884,1395.5,1186.9929,1628.3488,822.9,699.7112,961.0044,859.6,732.616,1001.7689,906.1,773.6969,1054.0981,941.8,803.9419,1095.7995,958.9,814.8745,1120.0956,971,824.8529,1134.5702
MSOA,E02002363,1229.6,1096.4786,1374.138,1212.4,1080.1144,1356.0672,1145.4,1017.8888,1284.1585,1097.7,973.9486,1232.4802,1098.1,974.4733,1232.7252,1122.7,996.9004,1259.6722,1401.6,1161.5223,1674.5825,1383.1,1138.352,1661.8028,1371.1,1130.643,1644.6464,1316.8,1077.9356,1589.5029,1412.5,1160.9501,1698.3899,1484,1220.4715,1782.8095,1123.6,964.1859,1301.101,1115.1,956.5154,1291.6276,1020.2,868.7644,1189.6342,987.1,840.1634,1151.4476,930,789.1605,1087.9461,941.3,798.8492,1101.2767
MSOA,E02002364,1333.1,1197.959,1478.9516,1236,1106.812,1375.799,1227.7,1098.7367,1367.2872,1180.5,1053.7666,1317.9313,1183.3,1056.3042,1320.966,1226.2,1097.5519,1365.3527,1562.8,1334.3706,1817.6651,1388.5,1175.3452,1627.965,1371.6,1159.6706,1610.0372,1271.5,1064.1524,1506.5016,1398.8,1178.7781,1647.011,1508.6,1281.3224,1763.6599,1117.7,957.8472,1295.5402,1077.3,921.3398,1251.0046,1091.8,933.8079,1267.6681,1102,943.7939,1278.0082,1042,888.6579,1212.9866,1020.9,871.1946,1187.5907
MSOA,E02002366,1407.9,1297.8259,1524.6176,1431.6,1319.8237,1550.0954,1301.8,1195.3399,1414.9559,1313.1,1206.3548,1426.5065,1284.8,1179.5241,1396.6972,1298.9,1193.5584,1410.804,1536.4,1342.6282,1749.7866,1526.7,1335.4607,1737.2121,1421.3,1239.3503,1622.0477,1401.9,1222.2693,1600.1322,1384.2,1206.4018,1580.5397,1416,1236.3034,1614.1765,1319.5,1185.4098,1463.8811,1369.1,1230.0439,1518.7869,1201.7,1071.6931,1342.2457,1237.4,1104.5232,1380.8961,1210.3,1079.85,1351.2642,1226,1094.5354,1367.9859
MSOA,E02002367,1310.5,1145.933,1491.2635,1260.2,1098.0323,1438.8939,1239.6,1079.0552,1416.693,1175.8,1020.9029,1346.9271,1125,974.4699,1291.6113,1059.6,918.4613,1215.9678,1672.6,1375.8799,2008.8937,1753,1445.7676,2100.9003,1644.9,1349.7633,1980.4878,1521.9,1249.2928,1832.3271,1348.1,1093.2564,1640.5146,1238.9,1005.31,1508.0932,1043.9,852.6843,1264.4044,885.7,710.0679,1090.9998,932.6,751.9591,1143.0492,893.7,716.9931,1100.2561,934.4,755.3611,1142.6506,920.1,746.3649,1121.7168
MSOA,E02002368,1026.1,917.2722,1144.1142,1031.6,922.7605,1149.5842,1069.5,959.2857,1188.7534,1057.6,948.5691,1175.5598,1016,909.1549,1131.7535,1023.1,919.2715,1135.3695,1213.8,1012.5603,1440.1264,1246.3,1043.7745,1473.5031,1292.9,1069.333,1543.2841,1262.9,1042.9333,1509.0902,1190.6,978.9107,1428.0835,1246.9,1055.8478,1460.2562,885.5,757.9721,1028.185,862.8,737.3148,1003.384,914.7,785.7383,1058.6731,903.8,776.0795,1046.4309,872.9,747.9391,1012.6679,866.3,743.416,1003.6147
MSOA,E02002369,1168,1042.4494,1304.3006,1141.4,1016.1111,1277.5929,1114.3,990.0891,1249.4858,1137.3,1011.9001,1273.6865,1197,1067.9913,1337.0904,1234.7,1104.0316,1376.4157,1511.6,1278.0908,1773.0326,1489.7,1253.6373,1754.345,1395.2,1172.3338,1645.6655,1335.9,1122.9503,1575.6655,1372.2,1158.5227,1612.5144,1457.2,1235.7335,1705.5664,934.8,791.153,1096.7867,907.9,765.3582,1069.0334,911.8,767.3505,1075.2286,986.4,834.8668,1157.146,1061.5,903.0269,1239.4702,1072.6,913.6725,1250.9547
MSOA,E02002370,1466.9,1321.0083,1624.3225,1444.6,1299.3432,1601.4655,1416.4,1272.398,1572.0752,1504.2,1356.0494,1663.9491,1559.2,1407.0295,1723.11,1526.7,1375.8167,1689.363,1791.9,1513.0688,2103.0934,1642.1,1386.5473,1928.4018,1573.2,1329.2493,1847.1642,1761.8,1497.8182,2056.3319,1892.1,1585.8384,2233.0135,1910.1,1546.8861,2314.9888,1235.8,1067.5822,1422.7932,1286.7,1113.0761,1479.4974,1277.9,1104.2754,1470.8515,1307.2,1131.9743,1501.675,1344.4,1165.321,1542.9994,1310,1133.7769,1505.6326
MSOA,E02002371,1230.5,1108.4501,1361.7284,1211.5,1090.9665,1341.1435,1196.9,1078.0202,1324.7988,1177.8,1059.7764,1304.9051,1191.2,1073.5166,1317.8344,1135.8,1021.5767,1258.929,1394.9,1189.0206,1622.883,1390.1,1182.6802,1619.9006,1404.7,1204.1957,1626.5715,1307.3,1118.6141,1516.8228,1386.6,1186.3708,1608.5438,1327.5,1126.5509,1550.9382,1094.1,944.3309,1260.1947,1076.7,929.2352,1240.3224,1037.1,892.3702,1198.0272,1074.1,925.2039,1239.5263,1052.9,908.3174,1213.4491,1019.4,876.9093,1177.9244
MSOA,E02002373,1373.5,1169.4345,1601.0465,1401.9,1187.5491,1641.8049,1525.4,1299.415,1777.6901,1671.3,1433.5563,1935.6508,1652.2,1417.2586,1913.364,1715.3,1478.7424,1977.6434,1686.3,1284.9312,2166.5603,1658.8,1253.1908,2145.4376,1803.1,1379.0303,2309.222,1974.2,1514.421,2520.3011,2209.3,1625.734,2904.9136,2517.2,1678.2408,3512.5309,1220.1,971.6627,1505.1639,1271.3,1002.0385,1582.2195,1379.5,1095.4432,1706.6409,1642.7,1322.003,2009.8284,1666.6,1347.7063,2030.8634,1705.7,1388.2265,2067.3994
MSOA,E02002374,1117.4,982.0867,1265.7323,1080.1,947.2205,1226.0026,1039.9,911.4768,1180.9891,1005.9,880.7877,1143.5657,1022.2,896.6913,1160.1664,1014.7,890.2217,1151.5603,1371.8,1094.2502,1689.8964,1278.1,1030.8346,1561.8192,1189.4,961.4806,1450.9211,1213.9,991.3268,1468.415,1283.7,1043.9693,1556.9654,1336.6,1077.3803,1631.6358,983.9,824.2352,1164.7789,959.3,799.8363,1140.5327,938.5,781.1746,1117.5629,841.9,693.7702,1011.7683,834,687.0741,1002.5869,808,664.0498,973.5743
MSOA,E02002375,1233.4,1050.9152,1435.984,1262.1,1062.525,1484.1937,1189.7,995.9686,1405.8516,1227.9,1027.5286,1450.9423,1002.1,853.7371,1167.9901,876.6,744.3895,1024.869,1704.6,1304.7565,2163.3915,1610.7,1230.4257,2049.5121,1637.1,1259.3103,2071.9139,1610.4,1235.9694,2041.9003,1357.1,1068.2961,1692.0031,1092.4,866.734,1355.7372,926.2,730.4761,1156.2376,1005.6,780.6755,1269.9575,863.8,653.3409,1114.6683,965.1,737.9462,1232.8671,781.2,611.9429,982.0045,716.1,558.9573,902.7458
MSOA,E02002376,1185.7,1028.117,1359.7552,1173.7,1018.0759,1345.6691,1160.7,1005.5615,1332.2506,1206.8,1049.1658,1380.7579,1223.1,1065.9879,1396.2958,1202.5,1049.1613,1371.43,1264.6,1013.3914,1554.0971,1283.6,1031.8206,1573.3834,1142.7,910.3857,1411.5134,1274,1022.7298,1563.1973,1386.2,1112.0819,1700.9181,1485,1200.3268,1810.1743,1114,914.1364,1343.887,1084.5,887.4286,1311.757,1144.1,940.6027,1378.0215,1136.9,934.6371,1369.2605,1101.8,906.6179,1325.8908,994.7,813.1005,1203.9784
MSOA,E02002377,1033.8,876.1825,1209.7112,992.2,835.9071,1167.2986,983,827.4255,1157.2358,1046.2,884.1417,1227.4034,1004.9,844.4735,1184.8123,1068.9,904.5745,1252.3533,1320,1068.176,1608.1226,1271.8,1015.89,1566.5249,1289.4,1020.7457,1599.4098,1362.4,1078.3778,1689.5011,1187.7,917.7228,1500.7713,1327.5,1041.6515,1656.2885,733.1,548.2263,956.8726,714.7,533.7161,934.115,707.5,532.1214,918.8117,774.8,588.9134,998.1306,840.4,642.269,1078.1115,830.4,636.4949,1062.4183
MSOA,E02002379,1310.5,1132.8875,1506.9021,1338.9,1158.0696,1538.8604,1325.4,1147.1056,1522.5561,1182.3,1013.1007,1370.6433,1187.4,1015.3317,1379.0453,1234.1,1057.7429,1430.3016,1812.8,1432.3516,2250.1281,1713.3,1377.6311,2098.4559,1672.3,1357.7995,2033.1666,1332.5,1055.0463,1655.7375,1350.6,1072.2077,1674.1621,1432.5,1144.4183,1766.8143,1055.2,856.2906,1285.3602,1084.5,877.2434,1324.8391,1091.7,881.9455,1334.9357,1081,869.5645,1326.9329,1073.2,856.1152,1326.7372,1089,868.4015,1346.2103
MSOA,E02002380,989.9,866.8006,1125.218,962.1,841.2158,1095.1134,915.2,798.7237,1043.5195,910.6,795.7607,1037.0641,850.8,741.6094,971.2977,858,750.5777,976.345,1142.8,935.0452,1380.6342,1087.8,888.8729,1315.9203,988.5,800.2191,1205.4781,1024.3,835.755,1240.7707,903.9,733.5441,1100.612,978.8,807.2968,1175.2451,880.8,730.7944,1052.1472,874.2,723.9619,1045.999,877.3,727.541,1048.3655,840.5,694.9177,1007.1602,809.8,668.9509,971.133,750,617.5753,902.1301
MSOA,E02002381,1178.9,1016.9609,1357.7666,1066,913.3915,1235.2436,974.2,829.4113,1135.3708,916.8,777.2111,1072.4969,875.8,736.3716,1031.8504,889.5,748.3891,1047.2814,1249.2,997.517,1539.626,1197.3,953.4301,1479.0916,1201.9,958.509,1483.1382,1119.2,889.865,1384.7549,1155.7,916.1051,1433.3357,1204.4,952.5608,1495.8058,1143.5,929.6333,1389.191,993.1,790.4088,1228.32,816.9,629.5445,1036.8931,731,572.714,917.5862,632.7,486.8579,806.5445,623.1,482.0079,791.0779
MSOA,E02002382,990.3,814.5132,1190.2769,1064.9,882.8931,1271.1812,1034,860.0747,1230.9476,1166.2,985.0208,1369.5264,1266.1,1081.6151,1471.5162,1330.1,1143.7103,1536.6014,1044.2,776.9263,1362.0247,1049.8,783.5158,1366.0783,1143.3,867.8709,1469.3399,1322.2,997.5647,1702.6828,1513.3,1134.1878,1953.5862,1646,1257.8774,2092.1496,922.3,689.9364,1204.4674,1053.7,807.2539,1349.7889,950.5,724.5863,1222.3059,1082.1,845.0831,1362.6693,1172.3,931.7481,1453.2449,1161.8,926.9507,1435.183
MSOA,E02002383,1183,941.4277,1464.2091,1215.3,966.6439,1504.3012,1131.2,886.8836,1418.0767,1184.2,931.3282,1480.8456,1170.8,916.9374,1469.1689,1255.1,988.5476,1566.9499,1259.6,881.3303,1724.8564,1381.4,918.9964,1947.9202,1359.5,840.8923,2001.4013,1358.3,889.7918,1938.1911,1218.1,788.0425,1758.2007,1395.8,937.602,1962.9298,1062.8,757.1616,1445.6365,1090.4,775.3374,1485.041,989.2,685.9092,1377.0088,1022.6,712.4875,1417.8279,1121.8,796.829,1531.0385,1114.7,789.1752,1525.7958
MSOA,E02002384,1396.4,1231.5774,1576.3369,1334,1169.3375,1514.4735,1308.7,1143.4919,1489.999,1290.1,1121.4516,1475.6332,1200.5,1034.8374,1383.4794,1151.7,992.4388,1327.8095,1750.9,1453.9178,2084.6598,1639.9,1346.5391,1971.8052,1534.8,1246.7614,1862.1598,1371.8,1099.4167,1683.7963,1167.9,931.033,1441.2293,1189.9,954.2589,1461.1092,1127.9,934.1394,1349.3466,1097.2,902.657,1320.424,1141.9,941.1808,1371.8099,1217.9,1004.7311,1461.7957,1212.1,990.5078,1466.6661,1112.2,900.5608,1356.749
MSOA,E02002385,1262.9,1095.056,1448.7193,1310.3,1136.3479,1502.6992,1320.7,1142.5354,1518.0406,1350.8,1169.7406,1551.202,1320.8,1140.7855,1520.3866,1208.7,1035.8602,1401.2597,1421.7,1128.6344,1762.0551,1426.6,1132.6475,1767.4735,1430.6,1142.0574,1764.9548,1393.2,1115.2883,1715.9558,1448.6,1161.7077,1781.534,1304.5,1031.0342,1624.4382,1156.8,946.9658,1398.0058,1160.1,949.1039,1402.347,1136,923.1899,1381.4064,1225.2,1000.3279,1483.534,1186,960.5999,1446.2721,1137.7,913.911,1397.5998
MSOA,E02002386,1025.7,938.1205,1119.0964,1022.3,935.4709,1114.8683,1000.2,915.0609,1090.983,983.6,900.9248,1071.7032,953.1,872.7687,1038.7256,893.9,817.4828,975.4328,1203.7,1050.1135,1372.2765,1168.4,1018.7649,1332.762,1145.8,1000.5388,1305.3275,1166.7,1020.8247,1326.6389,1215.5,1062.5074,1382.9246,1092.4,955.3275,1242.7143,908.6,802.5334,1024.5575,929.8,822.7213,1046.6979,907.3,801.9632,1022.3679,876.5,774.606,987.7896,809.9,713.1072,915.877,772.3,678.921,874.6096
MSOA,E02002387,1222.1,1076.5467,1381.546,1224,1078.9138,1382.8797,1163.5,1022.1866,1318.6342,1160.6,1020.4349,1314.3888,1200.4,1058.6787,1355.5949,1222.5,1080.8132,1377.3994,1605.5,1155.5329,2120.3267,1568.5,1251.5042,1930.0244,1581.4,1274.7339,1930.7865,1615,1319.2729,1950.6251,1602.9,1333.2497,1908.2435,1586.9,1327.6121,1880.0068,1049.6,880.2574,1241.3582,1030.4,862.0145,1221.4156,933.4,771.8968,1118.0807,918.6,756.6591,1104.3063,962.9,797.4335,1152.0096,999.8,831.9084,1191.0799
MSOA,E02002388,1020.8,872.1486,1185.2927,1135.8,984.4184,1302.2721,1100.9,957.0073,1259.1367,1146.5,1007.7072,1298.4363,1218.8,1077.051,1373.4531,1317.5,1171.3904,1476.2836,1236.1,979.5881,1529.5862,1269.2,1027.0496,1544.8081,1131.8,918.8759,1375.4156,1230.5,1015.4866,1474.7498,1319.9,1096.9017,1572.3064,1440.9,1211.5796,1698.9034,844.6,669.2256,1049.2502,997.8,811.3811,1212.3573,1026.5,843.3366,1236.0651,1022.3,851.1807,1216.9671,1094.5,918.8996,1293.0877,1180.4,998.5069,1385.0439
MSOA,E02002389,1287.2,1150.1752,1435.8827,1327.3,1187.4461,1478.8862,1389.6,1244.9786,1546.0999,1286.3,1146.4901,1438.0426,1320.4,1179.2512,1473.3898,1317,1176.5604,1469.203,1648.2,1324.2565,2011.4904,1581.5,1286.0816,1912.245,1638.2,1329.5955,1982.6222,1681.5,1229.5407,2187.6723,1461.9,1228.3477,1723.2954,1467.2,1245.9933,1714.1555,1104.3,939.4384,1289.5777,1140.6,972.276,1329.4998,1188.7,1014.9332,1383.4405,1095.9,928.5576,1284.3871,1174.6,1000.1796,1370.4101,1140.2,967.3309,1334.7641
MSOA,E02002390,1244,1104.407,1395.9693,1207.4,1071.8191,1355.1061,1154.3,1021.7152,1299.0207,968.8,848.5529,1101.0599,967.7,848.1693,1099.1205,923.8,808.3553,1050.8791,1416.1,1174.9798,1689.5012,1367.5,1137.0589,1628.9111,1402.3,1164.1388,1672.2248,1211.2,992.8277,1460.775,1231.7,1012.9941,1481.2573,1173.8,968.6695,1407.8669,1142.3,971.1093,1334.4844,1110.8,942.8889,1299.5736,1004.1,845.2532,1183.7409,817.1,674.8299,980.1541,793.9,654.6777,953.5537,747.9,612.8057,903.3857
MSOA,E02002391,1141.8,1023.1501,1270.2977,1159.8,1040.8979,1288.4251,1148.9,1031.8614,1275.4952,1110.2,996.266,1233.5479,1156.6,1040.5872,1281.9634,1126.9,1012.9703,1250.0786,1371.7,1161.225,1607.9033,1338,1135.8773,1564.9096,1301.5,1105.2411,1521.9837,1239.9,1049.2078,1454.77,1323.4,1127.5932,1542.99,1295.3,1100.1673,1514.5184,969.2,830.2123,1124.4614,1011,869.9574,1168.045,1017.6,877.6286,1173.3216,1004.7,867.1492,1157.7286,1031.1,891.5658,1186.1664,1020.9,882.5525,1174.6476
MSOA,E02002392,1331.9,970.1596,1755.114,1314,937.4651,1755.3108,1201.1,907.1814,1544.9667,1199.4,932.4792,1511.6809,1299.4,1022.0119,1621.5478,1240.8,980.5061,1542.867,1102.9,770.3903,1514.4605,1109.6,785.8188,1508.6509,1007.3,705.5173,1381.6634,1124.8,799.9586,1525.9995,1241.1,878.186,1684.8974,1284.5,910.7213,1739.9431,1438.4,902.2531,2115.4843,1448.3,837.5599,2229.235,1257.3,857.1001,1761.2748,1190.1,829.5211,1646.8013,1467.3,945.0284,2121.4867,1251.8,883.0388,1714.9199
MSOA,E02002393,1941.7,1751.856,2146.0203,1928.5,1735.1807,2136.9337,1900.4,1704.7968,2111.6356,1825.8,1631.7572,2035.7336,1735,1545.9067,1940.0303,1753.8,1561.2284,1962.7553,2311.9,1943.5298,2720.7372,2353.8,1969.1751,2781.2393,2331,1942.5364,2763.6609,2263.1,1881.6521,2687.8264,2174.5,1817.8995,2571.6726,2266.5,1878.8148,2698.9225,1667.3,1440.1045,1919.389,1623.4,1394.4653,1878.3817,1601.2,1370.2625,1859.019,1511.1,1281.9679,1768.4225,1360.2,1142.6551,1606.223,1367.2,1147.3037,1615.9882
MSOA,E02002394,1335.7,1172.8168,1513.978,1243.1,1086.9297,1414.5441,1253.2,1094.9883,1426.95,1181.9,1026.6353,1353.0593,1144.6,990.2679,1315.2195,1254.1,1090.5755,1434.1407,1760.7,1291.0738,2292.4899,1515.7,1193.6123,1881.5835,1575.3,1246.6816,1948.254,1531.7,1202.0891,1907.8069,1536.2,1204.3944,1915.0106,1719.2,1372.1396,2112.3731,1138.3,944.9339,1358.943,1064.3,877.1936,1278.9911,1049.1,861.3598,1265.0424,974.2,792.6539,1184.1216,888.7,714.027,1092.5317,910.4,733.1654,1116.715
MSOA,E02002395,1047.4,934.2551,1170.2955,1003.1,892.8591,1123.0319,958.1,850.4196,1075.4956,974.8,866.2405,1093.0682,993.6,883.1967,1113.8255,1058.6,944.944,1182.0189,1214.1,1030.2727,1420.8433,1271.1,1082.8459,1482.2926,1280.8,1090.6377,1494.2076,1206.6,1018.4723,1418.9157,1213.3,1018.0961,1434.1515,1276.9,1072.6034,1507.5569,909.1,771.6604,1063.5599,814.5,683.1097,963.2822,734.6,610.4784,876.0843,809.9,682.5519,953.7385,847.5,717.911,993.3524,928.5,792.9112,1080.2531
MSOA,E02002396,1134.9,1019.6239,1259.5478,1129.1,1014.2634,1253.2726,1087,974.6572,1208.6113,1081.2,968.8008,1202.9141,1063,952.4913,1182.667,1081.1,970.0415,1201.2401,1572.5,1346.0647,1824.0737,1564.9,1339.1134,1815.5552,1473.1,1248.9012,1722.736,1372.2,1156.4377,1613.1511,1249.4,1056.2791,1465.6859,1205.1,1014.9002,1418.4755,822.1,697.8638,961.7722,802.4,680.0301,940.1273,813.1,689.5298,952.1261,842,716.5389,982.7974,864.9,739.1274,1005.6211,934.8,804.2386,1080.2576
MSOA,E02002397,1040.5,923.5391,1167.7776,1017.4,902.543,1142.4403,984.2,872.0788,1106.4013,1020.4,906.6191,1144.2343,963.6,853.4192,1083.8112,969.2,860.1114,1088.1134,1341.2,1101.4247,1610.4751,1241,1032.1645,1476.0443,1229.3,1022.0357,1462.9342,1253.9,1035.4773,1500.2092,1225.6,1005.1447,1474.7053,1238.1,1027.6798,1475.4791,825.4,693.8217,974.3303,832.6,701.2244,981.1109,797.8,670.4157,942.046,860.3,728.381,1009.0028,794.7,668.3057,937.8878,794,668.9356,935.5574
MSOA,E02002398,848.5,759.599,944.8474,837.2,749.0347,932.7615,861.4,772.3948,957.6941,825,737.6264,919.6809,830.9,742.9365,926.2089,781.9,697.9606,872.9695,1107.6,917.5959,1320.3251,1020.1,849.9932,1210.7386,1066.3,894.3409,1258.3341,1022.1,854.5126,1209.7896,1114.4,931.5257,1318.6236,1052.3,880.7576,1243.8687,703,599.5534,819.0515,701.2,598.3231,816.5331,721.6,616.9202,838.7592,707,602.8634,823.7454,674.7,573.077,788.9493,614.7,519.1327,722.5983
MSOA,E02002399,1190.4,1044.4257,1350.6214,1193.8,1047.1577,1354.8141,1284.5,1132.8442,1450.4895,1274.6,1123.5111,1440.053,1314.5,1161.8814,1481.297,1382.2,1225.9667,1552.4792,1410.3,1157.061,1698.3874,1423.3,1164.7672,1717.554,1412.6,1159.0154,1701.3654,1284.1,1043.3004,1560.0774,1385,1134.1736,1670.9132,1552.7,1267.2628,1876.7974,1049.8,868.9283,1256.8588,1050.5,869.5891,1257.7209,1192.3,1001.4008,1408.8549,1260.4,1064.2444,1482.0476,1274.4,1076.9628,1497.3123,1315.6,1118.0156,1537.8155
MSOA,E02002400,1626.9,1477.7155,1786.8691,1568.3,1422.0568,1725.2898,1658.4,1507.0368,1820.618,1719.1,1564.1552,1884.9722,1653.6,1499.6944,1818.7223,1663.3,1507.5304,1830.4891,2132.5,1849.9478,2443.4027,2082,1799.3476,2393.7201,2098.5,1805.5519,2421.9978,2148.1,1847.1741,2480.1158,2159.6,1839.6863,2513.5226,2071.3,1756.274,2420.4036,1255,1085.4692,1442.8233,1222.5,1055.55,1407.6017,1401.4,1220.6389,1600.5822,1456.2,1271.6759,1659.0788,1389.4,1206.7479,1590.9226,1450.9,1260.9954,1660.3342
MSOA,E02002401,1373.7,1208.6467,1554.2333,1360.1,1191.4616,1544.8027,1314.8,1149.0554,1496.4595,1261.4,1099.5212,1439.144,1204.8,1052.1663,1372.6163,1181.4,1029.1703,1349.0051,1593.1,1311.6474,1911.9482,1711.4,1395.6798,2068.6022,1730.9,1390.3455,2116.5332,1636.6,1304.6047,2013.3865,1564.3,1278.1256,1888.9346,1435.3,1166.5922,1741.9126,1191.9,992.5992,1418.738,1116.1,920.668,1339.8272,1069.3,880.5026,1285.6783,1033.3,846.8549,1247.6199,956.3,779.6875,1160.3757,1008,825.1005,1218.6406
MSOA,E02002402,1451.9,1302.6295,1613.2709,1490.1,1339.3675,1652.7953,1402.9,1257.3842,1560.2803,1410.9,1267.7095,1565.534,1468.9,1321.5847,1627.7483,1522.6,1373.2047,1683.2583,1457.6,1191.2217,1760.0571,1410.5,1162.81,1690.8543,1349.1,1105.2167,1625.7598,1361.3,1135.2668,1616.3947,1515.5,1278.1376,1781.512,1592.7,1351.8903,1861.459,1444.2,1258.0328,1649.7359,1510,1319.0878,1720.4117,1416,1232.9266,1618.3939,1410.9,1229.4252,1611.4349,1407.9,1223.194,1612.1936,1460.7,1270.6073,1670.2085
MSOA,E02002403,1079.2,977.9334,1187.7703,1072.8,972.9129,1179.8261,1057.9,959.6367,1163.1863,1096.1,996.4167,1202.7676,1073.7,976.3983,1177.8265,1095.3,997.8923,1199.4101,1331.6,1150.3575,1533.0174,1250.9,1076.8089,1444.8537,1259.8,1087.3847,1451.6163,1190.7,1024.7669,1375.7264,1157.6,995.8761,1338.04,1271.2,1100.9213,1460.2335,909.2,791.3029,1038.58,930.3,813.3417,1058.2698,902.7,788.6577,1027.5844,1004.1,883.5795,1135.533,1002.4,882.7554,1132.8584,971.9,855.8233,1098.4681
MSOA,E02002404,1277.7,1131.537,1437.0502,1356.2,1204.7733,1520.9609,1413.4,1256.8151,1583.7037,1376.1,1222.1121,1543.7171,1347.2,1194.4456,1513.6876,1414.2,1256.3982,1585.921,1771.5,1452.1186,2130.0482,1776.8,1498.3351,2088.667,1817.8,1545.7437,2121.9963,1723.5,1457.6832,2021.8101,1649.6,1387.1081,1945.1463,1727.8,1455.9369,2033.1107,948.4,786.3314,1133.0457,1033.6,861.2774,1229.2623,1073.1,892.7135,1278.1117,1104.3,921.1479,1311.9724,1138.1,950.1529,1351.2094,1185.5,992.4299,1404.0314
MSOA,E02002405,1068.3,962.4017,1182.4111,1030.3,926.9598,1141.7856,1058.1,954.7717,1169.3894,979.5,881.4907,1085.2877,964.6,867.9642,1068.9158,999,900.9883,1104.6534,1277.3,1089.6953,1486.3092,1148.9,979.4265,1338.3946,1174.6,1007.9336,1360.4441,1142.3,980.9156,1322.3075,1162.6,1001.7422,1341.658,1172.9,1008.7892,1355.7347,914,789.8859,1051.678,922.9,797.6404,1061.8486,956.4,829.2568,1097.1597,848.7,730.1677,980.6436,822.1,704.8803,952.8854,884.6,764.3331,1018.1481
MSOA,E02002406,783.1,667.6794,911.2666,818.9,697.0993,953.8764,811,690.5941,944.4971,800.3,684.9802,927.9092,810.7,694.3256,939.4156,823.4,709.6314,948.8417,1077.3,821.2431,1371.8215,1087.6,834.4594,1377.8898,1002.3,777.0044,1261.9345,986.8,773.1917,1232.9659,1112.9,869.9813,1391.7978,1157.9,900.9295,1452.242,610.2,481.9267,760.5404,640.8,505.3639,799.1139,677.3,538.9806,838.1873,683.5,549.6714,838.2459,659.6,527.8144,812.4214,682.2,553.3408,830.6038
MSOA,E02002407,1393.4,1240.201,1559.9763,1514.5,1357.2008,1684.7382,1420.2,1270.8423,1581.9918,1488.7,1336.3163,1653.3658,1539.9,1385.1151,1706.8685,1524.1,1369.487,1690.9668,1608.3,1291.5351,1966.6842,1835.7,1464.014,2253.7206,1599.2,1324.9936,1908.6617,1640.7,1381.8033,1932.3097,1750.1,1485.4915,2046.9507,1704.8,1445.6875,1995.6883,1170.3,996.5238,1365.1169,1302.2,1118.8246,1506.3233,1253.5,1075.161,1451.9617,1346.3,1160.8508,1551.7594,1360.9,1174.8733,1566.7025,1375.5,1185.8621,1585.4472
MSOA,E02002408,1152.2,1045.0782,1267.0926,1148.2,1041.5456,1262.5822,1166.2,1059.8836,1280.0642,1136,1032.053,1247.3512,1094,992.9001,1202.4,1104.9,1003.7484,1213.3056,1607.1,1381.1389,1858.1468,1534.3,1316.8941,1776.1029,1537.7,1322.7443,1776.5196,1408.7,1209.0341,1631.0828,1338,1143.4454,1555.2675,1346.7,1157.4327,1557.6223,926.7,806.2145,1059.0685,931.9,812.0415,1063.4566,965.4,844.5236,1097.7457,970,849.8846,1101.3807,934.1,818.7054,1060.3799,940,824.8712,1066.0101
MSOA,E02002409,1030.2,904.2016,1168.42,1032.7,908.6781,1168.6068,1014.6,893.4825,1147.324,1001.1,881.8383,1131.8133,1005.7,885.115,1137.934,1077.1,951.9726,1213.8959,1355.3,1064.7687,1684.1454,1296.5,1068.4428,1554.5213,1285.9,1075.5661,1523.5685,1271.3,1063.2937,1506.5357,1350.6,1133.9474,1595.2071,1385.5,1166.4394,1632.4313,800.6,658.0465,964.5678,827.5,682.6589,993.5971,797,655.8195,959.1888,795.9,655.8116,956.7371,753,616.7902,910.0732,851.1,705.8664,1017.1763
MSOA,E02002410,1254.5,1130.6982,1387.9672,1240.8,1117.61,1373.6867,1257.3,1132.6688,1391.7413,1306.5,1179.1751,1443.6734,1384.3,1254.1481,1524.1675,1299.4,1174.6558,1433.6931,1441.5,1232.3108,1675.1825,1561,1339.9941,1807.1508,1548.5,1322.9872,1800.1866,1664.4,1424.9941,1930.9685,1686.3,1450.5054,1948.342,1680,1444.1464,1942.178,1108.6,957.5167,1276.0266,1020.1,875.786,1180.6975,1064,916.4262,1227.9137,1092.7,943.0307,1258.726,1166.6,1014.6761,1334.2929,1059.6,916.5307,1218.2246
MSOA,E02002411,1417.8,1238.4787,1614.5509,1563.1,1370.3286,1774.1985,1579.1,1388.0526,1788.1692,1708.6,1514.66,1919.8843,1728.2,1538.0252,1934.8984,1799.6,1610.6788,2004.131,1819.4,1464.0672,2220.0988,1956.3,1577.0761,2383.772,1967.3,1592.9825,2390.263,2038.1,1689.8213,2430.3856,1992,1664.0948,2361.4803,1987.9,1668.7347,2346.9858,1137.5,923.6222,1385.1565,1275.9,1047.281,1538.862,1338.2,1107.5583,1601.9414,1479.4,1242.8857,1747.1049,1533.2,1299.2019,1796.176,1659.6,1423.4278,1922.6426
MSOA,E02002412,1078.9,944.1085,1227.0706,1018.1,885.9759,1163.7498,949,822.0775,1089.3172,875.2,756.7581,1006.3581,866.7,750.6705,995.0944,846.5,733.4272,971.6524,1407,1129.814,1723.4533,1233,975.7078,1528.0507,1199.5,948.4412,1487.7435,1150,922.5615,1410.5152,1128,901.8677,1387.4704,1133.5,917.6885,1380.6972,912.4,754.8238,1092.8927,874.2,719.0626,1052.5316,776.3,632.0037,943.3857,682.9,548.9107,839.3885,700.9,567.1313,856.373,656.6,528.9876,805.3917
MSOA,E02002414,1538.2,1378.1293,1711.5765,1500.9,1341.3195,1674.0359,1463.3,1303.9779,1636.5109,1439.2,1279.9139,1612.6328,1440,1280.1416,1614.1298,1450.9,1290.3428,1625.7414,2105,1788.1813,2458.2739,1978,1658.2699,2336.2012,1949.7,1626.7367,2312.016,1829.4,1524.4651,2172.734,1832.6,1532.6619,2170.5671,1905.9,1600.8367,2248.8666,1163,982.3987,1366.1906,1204.6,1018.8705,1413.4826,1152.7,969.1496,1360.1042,1157.8,973.1086,1366.5806,1142.9,959.4813,1350.3294,1127.1,943.4274,1335.1765
MSOA,E02002415,956.6,785.8992,1148.6517,960.8,787.5196,1156.2034,1042.2,849.0426,1260.2803,1083,889.36,1301.4491,1143.2,940.6607,1371.4192,1294.8,1074.2082,1543.3606,966.6,732.3935,1239.6768,958.3,722.3046,1234.4001,997.3,734.1533,1306.2872,1067.2,791.383,1390.1749,1144,868.3673,1465.6451,1448.5,1122.3698,1826.6874,948.8,699.755,1248.4362,977.7,721.5184,1286.8297,1067,788.6384,1402.3949,1097.4,818.8116,1433.5675,1091.4,807.1087,1434.972,1066.1,779.4549,1417.2873
MSOA,E02002416,976.4,874.4959,1086.7366,983.8,882.161,1093.7626,1028.6,926.0584,1139.235,964.2,865.5108,1070.8893,959,861.281,1064.5951,928.5,833.754,1030.9154,1166.2,974.942,1381.2213,1156.4,975.7608,1358.9109,1218.1,1037.7899,1418.9823,1167.9,995.1287,1360.5514,1194.3,1021.1642,1386.8649,1162.5,997.8408,1345.637,869.6,748.3386,1004.7749,861.6,741.0315,996.0418,883.6,761.6949,1019.298,807,690.5889,937.2051,768.2,656.0139,893.8848,737.8,628.8541,859.9788
MSOA,E02002417,1226.6,1091.9948,1372.9984,1203.9,1071.1994,1348.2269,1226.9,1093.3706,1371.8442,1181.2,1050.4433,1323.2803,1140.6,1015.9603,1275.9983,1105,984.1651,1236.3338,1535.2,1266.4022,1838.6805,1638.1,1338.0904,1976.5467,1618,1311.2471,1964.1928,1442.2,1175.5403,1743.8957,1364.6,1137.2834,1620.8378,1269.1,1056.3058,1509.3508,1024.8,871.8578,1196.6822,997.2,847.3405,1165.7411,1073.8,918.8624,1247.0967,1054.8,901.0404,1226.8902,993.4,845.4096,1159.4229,989.7,842.9362,1154.3468
MSOA,E02002418,1075.4,942.1692,1221.1502,980.7,856.9537,1116.499,980,858.8065,1112.854,882,769.2597,1006.0524,901.6,786.3049,1028.339,915.2,801.4616,1039.9708,1241.8,1033.2504,1477.7506,1102.2,907.7206,1323.8841,1128.4,932.3248,1351.4573,1041.3,852.1667,1257.5761,1117.3,918.2983,1344.0238,1114.7,916.444,1340.3488,930,762.2433,1121.3216,879,721.9153,1058.338,869.8,717.8577,1043.0857,766.5,629.6991,923.3769,765.4,625.516,926.0024,791,653.7893,947.7319
MSOA,E02002419,1192.8,1072.9703,1322.1267,1182.7,1063.3543,1311.5703,1148.9,1031.5753,1275.7492,1112,996.5868,1236.9636,1074.7,960.9099,1198.1104,1113.5,997.003,1239.7251,1561.8,1287.6164,1866.6689,1508.7,1239.1856,1809.0509,1444.7,1222.4692,1692.4294,1463.6,1251.5978,1699.4577,1383.9,1176.3425,1615.5474,1409.3,1199.4391,1643.4478,972.9,833.3922,1128.6468,1005,862.4189,1164.0343,956.5,817.1026,1112.5158,863.9,730.6388,1014.1158,857.4,723.9768,1007.9777,918.9,778.6596,1076.7405
MSOA,E02002420,1047.4,936.8036,1167.3761,1008.3,899.6965,1126.2933,961.5,855.1137,1077.3185,960.7,854.1865,1076.6408,900.9,796.1992,1015.3277,846,744.0491,957.76,1332.9,1121.205,1570.8108,1142,947.3541,1362.6058,1120.9,922.9581,1345.6516,1114.8,920.8101,1334.861,1074.2,883.3226,1291.2389,1003.6,817.7699,1215.644,869.7,741.6768,1013.1756,926.3,793.4827,1074.7146,876.9,747.3952,1022.1347,887.3,755.7135,1034.9202,791.1,665.6987,932.9776,737.6,616.3789,875.4355
MSOA,E02002421,1361.5,1203.7434,1533.94,1339.8,1184.0035,1510.1803,1352.4,1196.1052,1523.2421,1385.1,1227.0381,1557.6829,1406.2,1245.765,1581.347,1471.3,1306.5634,1650.7692,1658.3,1353.8052,2004.3625,1623.2,1331.7337,1954.6144,1761.7,1464.8261,2097.4366,1714.9,1428.2648,2039.1958,1700.6,1412.0082,2027.1095,1832.9,1523.4,2181.374,1180.5,992.0418,1393.9041,1179.6,989.8062,1394.7066,1100.7,917.8996,1308.7577,1167.5,979.0337,1381.198,1178.7,989.2222,1393.4485,1214.6,1020.0575,1434.8938
MSOA,E02002422,1073.8,941.0777,1219.6122,1027.2,898.3407,1168.877,968.5,844.4899,1105.1193,978.9,857.2255,1112.6517,1011.8,890.8373,1144.3544,917.9,805.8412,1041.0341,1148.7,922.43,1408.4832,1132.5,915.2199,1381.8132,1063.1,863.4013,1292.5147,1014,827.12,1228.6885,1129.3,932.4518,1353.4577,1075.3,887.0639,1290.0894,1007.7,840.9745,1197.3687,943.9,783.3333,1127.0216,872.8,718.467,1049.5778,927.9,771.4564,1106.0476,910,757.9785,1083.0261,799.8,662.2694,957.2426
MSOA,E02002423,1228.7,1074.2952,1398.2375,1234.9,1080.8347,1403.9709,1182.8,1032.6077,1347.9321,1253.2,1103.6078,1416.9585,1215,1069.7648,1374.0976,1259.4,1114.0447,1418.2084,1475.6,1193.3723,1796.9822,1605.5,1150.3577,2122.7754,1379.3,1081.3216,1719.3122,1519,1248.5465,1824.9881,1470,1191.7601,1786.2235,1402.6,1146.751,1694.2383,1035,855.928,1239.9985,1019.9,843.0653,1222.452,1005.7,829.8605,1207.3445,1008.5,836.7182,1204.8273,1019.6,850.07,1212.7465,1175.7,994.2365,1380.4125
MSOA,E02002424,1111.1,987.7909,1245.3794,1101.3,980.3635,1232.8858,1148.3,1024.5545,1282.6751,1129.9,1007.1981,1263.159,1142.9,1020.4519,1275.7166,1114.1,993.7937,1244.6418,1373,1121.5861,1657.945,1319.3,1078.7909,1591.7647,1384.3,1128.6484,1673.4181,1418.8,1146.6935,1725.8918,1342.9,1072.272,1648.4469,1258.8,1000.6655,1550.3606,933.4,794.3678,1089.6497,937.2,799.3727,1091.8214,994.8,852.6859,1153.6528,974.1,832.3879,1132.8106,1028.1,883.1948,1189.8235,1024.7,879.7746,1186.5444
MSOA,E02002425,1216.6,1104.6853,1336.7096,1125.2,1018.8317,1239.5775,1116.2,1011.2033,1229.0441,1081.3,979.0053,1191.2875,1045.6,947.2342,1151.3448,1072.7,974.6137,1177.9432,1629.4,1329.774,1961.9412,1570.6,1251.7364,1925.7422,1499.4,1216.816,1814.0455,1490,1218.4859,1791.8188,1450.7,1184.8396,1746.234,1438.7,1201.7745,1701.19,1027.5,899.2557,1168.726,966.1,842.8271,1102.1384,968.5,846.1654,1103.3581,907.9,790.6472,1037.4678,869.9,757.9306,993.5736,891.2,779.0384,1014.8176
MSOA,E02002426,890.9,781.7269,1010.4934,850.6,747.2846,963.7767,817.1,716.7421,927.1529,834.1,734.856,942.6697,850.7,749.6464,961.1771,830.4,731.9304,938.0521,1156.8,951.4217,1389.1627,1109.1,910.9989,1333.4235,1040,855.2733,1249.2707,1020.1,845.3559,1217.6359,961.5,793.6032,1151.621,875.6,721.7504,1050.3693,712.8,586.7498,857.1818,685.3,566.61,821.0983,656.6,541.0313,789.2068,687.3,570.9704,820.1093,743.9,621.1922,883.426,775.3,649.5653,917.804
MSOA,E02002427,1028.1,923.181,1141.5735,1014.9,911.6063,1126.5913,988,886.9513,1097.3239,976.9,876.9611,1085.0353,922.2,824.9422,1027.6933,882.1,787.7684,984.5477,1175.7,990.3312,1383.8749,1169.4,985.99,1375.4487,1146.9,968.6956,1347.2458,1217.6,1036.4175,1420.4486,1214.8,1029.3075,1422.8229,1171.2,989.0103,1375.8047,921.3,794.3296,1062.5577,923.7,797.0315,1064.5064,893.7,770.251,1031.0401,828.2,710.0274,960.1684,747.3,635.8737,872.3909,706.3,599.1752,826.8237
MSOA,E02002428,1231.4,1085.8612,1390.093,1333.8,1180.7252,1500.1969,1321.3,1166.9243,1489.3158,1182,1037.3934,1339.9904,1158.5,1015.222,1315.139,1116.4,978.554,1267.1249,1510,1263.1895,1788.4318,1611.2,1352.4608,1902.0869,1540.7,1272.8864,1843.193,1461.6,1194.2185,1764.2427,1326.4,1075.224,1612.4226,1137.3,927.798,1376.6083,1040.5,864.3016,1240.1092,1155.3,965.5348,1369.1255,1177.6,985.7123,1393.5695,984.5,814.3832,1177.6577,1054.6,877.8253,1254.5157,1069.6,896.1858,1265.3104
MSOA,E02002429,1078.2,968.4471,1196.8242,1091.3,982.2499,1209.0167,1134.3,1024.3945,1252.6844,1115.1,1007.4497,1231.0336,1084.3,979.5506,1197.1411,1101.2,996.0382,1214.4014,1147.4,964.5133,1353.7181,1172.5,991.0481,1376.6476,1226,1042.6972,1431.3585,1194.5,1016.6533,1393.6795,1225.5,1046.4333,1425.6579,1224.8,1045.0568,1425.6512,1026.1,889.3006,1177.5864,1029.8,894.344,1179.6207,1069.7,932.4926,1221.1158,1065.5,929.4927,1215.5587,993.7,864.6254,1136.3964,1019.9,890.0771,1163.1979
MSOA,E02002430,1584.1,1422.4932,1758.6041,1518.5,1362.1211,1687.5554,1460.9,1310.1693,1623.9384,1477.7,1327.3541,1640.181,1559.8,1403.6763,1728.2972,1675.7,1513.0628,1850.7868,2002.9,1674.6787,2369.1058,1994,1690.3484,2332.3939,2003.7,1699.9673,2341.8937,2036.9,1732.9594,2374.9484,2213.4,1879.8029,2583.7401,2348.8,1986.3369,2750.7732,1357.9,1167.8245,1569.6619,1240.5,1060.0488,1442.4638,1147.9,977.6092,1339.007,1159.8,990.0711,1350.0151,1207.6,1034.1041,1401.654,1346.8,1163.7793,1550.1936
MSOA,E02002431,1165.8,1015.6464,1330.8257,1178.8,1030.4068,1341.6764,1098.5,958.2658,1252.7743,1033.2,899.0646,1181.0049,1047.1,911.5954,1196.3212,1037.2,901.0012,1187.2786,1533.3,1238.7122,1868.7572,1498.1,1220.3512,1813.4677,1448.7,1177.3149,1757.4306,1322.5,1062.1284,1619.9152,1305.1,1051.2452,1595.2276,1295.4,1042.4387,1584.6641,942.1,772.224,1137.1366,944.1,776.0661,1136.9068,866,707.6256,1048.6327,837.1,683.7809,1013.9032,859.2,703.8671,1037.8669,837.5,683.9603,1014.3277
MSOA,E02002432,1499.9,1374.0991,1633.9058,1481.3,1357.0458,1613.6582,1402.5,1281.4205,1531.7335,1376.2,1256.3172,1504.2636,1336.4,1219.463,1461.3748,1322.5,1206.325,1446.7194,1994.3,1682.6719,2339.5531,1857.8,1557.5552,2191.2889,1753.3,1439.1964,2103.6499,1708.4,1431.7972,2016.4732,1695.9,1440.7028,1979.892,1657.2,1418.1701,1922.9088,1274.8,1130.9487,1430.7004,1299.5,1155.2576,1455.6427,1281.3,1136.1238,1438.7886,1244.6,1100.7686,1400.9908,1196.8,1056.9483,1349.0723,1164.3,1026.7747,1314.2776
MSOA,E02002433,1201,1078.7836,1333.053,1172.3,1051.5272,1302.9199,1179.3,1058.403,1310.0399,1089.1,974.2036,1213.65,1033.7,922.7386,1154.1622,988.6,880.5301,1106.1066,1626.4,1373.6,1909.7129,1546.8,1309.5287,1812.8909,1597.6,1355.6186,1868.6073,1377.6,1159.8616,1622.9454,1290.2,1081.9201,1525.5475,1188.3,990.2661,1413.156,963.1,825.2006,1116.3908,926.5,791.6046,1076.7431,925.6,790.4589,1076.2471,901.5,768.8269,1049.5717,860.7,732.2442,1004.2858,867.1,737.3976,1012.1251
MSOA,E02002434,1192,1038.7689,1360.8819,1208,1060.3813,1369.9965,1212,1069.0516,1368.4591,1278.4,1136.1223,1433.3796,1232,1096.2543,1379.7603,1241.5,1106.5685,1388.1552,1451.2,1168.1613,1776.16,1400.6,1138.1563,1701.0411,1295.9,1060.0502,1565.7459,1318.3,1095.3504,1571.6853,1696.9,1122.8371,2347.8181,1387.1,1104.1587,1707.6348,1006.3,829.3792,1209.3038,1055.9,882.0463,1253.5819,1109.7,935.3112,1306.752,1179.4,1003.5533,1376.7421,1099.8,935.3202,1284.3857,1148.2,980.3347,1336.0166
MSOA,E02002435,889.7,779.0099,1011.4243,920.8,808.2142,1044.3741,878.2,769.4236,997.682,827.9,724.2713,941.8146,837.1,731.9177,952.656,835.4,734.3906,946.1279,1200.4,971.6429,1461.1566,1256,1018.9105,1525.3277,1207.3,985.6801,1458.5902,1133.4,930.0078,1364.1269,1041.7,843.72,1267.4904,1006.4,822.3579,1215.975,696.9,574.5531,837.4526,714.6,590.4864,856.9277,653.2,535.5779,788.7497,615.6,502.8276,745.8196,691,570.9175,828.4684,715.8,596.936,851.2224
MSOA,E02002436,1003.9,886.0327,1132.9075,947.8,833.2453,1073.5121,970.9,854.3699,1098.6419,987.6,870.3704,1115.9311,1001.1,881.8457,1131.6037,992.6,874.5512,1121.763,1174.3,969.6703,1407.0889,1048.6,857.3144,1267.5805,1087.5,897.05,1304.591,1034.6,851.9026,1243.0694,1127.8,933.124,1348.9469,1139.2,953.0149,1349.8478,883.2,740.6713,1045.0331,870,728.2778,1031.1465,872.3,728.8028,1035.624,934.4,785.3223,1103.2852,914,762.2749,1086.4377,876.1,724.7422,1048.8089
MSOA,E02002437,857.1,697.9791,1037.1275,856.9,701.3072,1032.4976,902.8,745.6757,1079.1311,891.6,732.9704,1069.9389,822.4,678.9562,983.846,787.3,657.84,932.9526,1139.3,807.9759,1530.6676,1332.8,921.5798,1814.763,1349.9,916.4576,1854.4609,1479.6,991.2932,2049.9022,1262.9,791.1322,1815.8267,987.4,745.879,1270.9943,659.3,495.5144,856.3572,610,456.745,794.9301,667.2,507.3283,858.2473,662.9,502.8627,854.3936,643.2,490.857,825.2506,655.6,506.2453,833.4149
MSOA,E02006852,805.7,720.8453,897.587,825.1,739.0448,918.2129,812.1,727.3906,903.7568,781,698.2644,870.655,757.4,676.0468,845.6966,720.9,642.0743,806.5746,1013.6,856.2412,1190.5753,1065.7,907.0722,1243.4145,1010.3,858.2524,1180.9338,979.7,831.4887,1146.2655,958.9,810.8368,1125.6718,924.7,779.7979,1088.102,684.7,585.8762,794.8628,665.2,568.0887,773.5823,683.5,584.5704,793.7486,655.6,558.5119,764.0896,633.9,538.7503,740.463,591.4,500.5002,693.4833
MSOA,E02006861,1290.5,1135.6868,1458.8996,1243.2,1092.4657,1407.3678,1390.4,1229.0048,1565.4403,1316.4,1160.2488,1485.9862,1228,1078.7907,1390.26,1234.3,1083.0206,1398.7891,1781.3,1462.5514,2144.2698,1495.1,1215.9048,1815.6472,1605.1,1322.7454,1926.7883,1501.1,1232.4284,1808.1615,1400.9,1149.0673,1689.0326,1391.6,1142.8876,1675.6973,1055.1,876.6119,1254.4867,1063.9,888.6092,1259.3609,1275.6,1071.733,1501.8045,1234.1,1033.4112,1457.0689,1150.6,957.5614,1365.5405,1151.5,954.3716,1371.1195
MSOA,E02006875,3196.8,1564.7697,5283.6279,4060,1634.1648,7076.2062,4178.2,1623.4402,7354.7071,3642,1223.0226,6649.6795,3788.9,1768.8166,6263.8334,5146.6,2066.2156,8858.1216,3390.2,453.8164,7329.7314,5996.1,1574.3571,11669.4756,4694.7,779.6628,9754.804,2165.3,245.1977,4637.7408,3518.5,993.0694,6707.7927,2722.8,1234.7526,4572.9908,4636.3,76.257,11823.0166,1518,352.8476,3354.3029,2541.6,532.1495,5593.2418,2337.1,425.0923,5291.6377,1914.1,538.7741,4002.7317,3873.3,1065.8804,7915.6476
MSOA,E02006876,2348.1,2150.2724,2558.8301,2309.9,2113.4545,2519.305,2229.6,2036.0852,2436.1864,2169.3,1977.6538,2374.1469,2040.5,1855.3983,2238.7572,1923.9,1743.693,2117.3969,2427.7,2101.5574,2788.2619,2272.1,1957.2338,2621.2002,2304,1986.7525,2655.5654,2255.3,1942.9098,2601.8299,2241.2,1920.6308,2597.549,2172.6,1859.2816,2521.3687,2269.5,2014.0879,2546.6078,2292.5,2034.2945,2572.6386,2162.2,1910.0208,2436.7374,2106.6,1855.2681,2380.8119,1910.6,1674.1955,2169.3918,1725.3,1502.4396,1970.4729
Ward,Adel and Wharfedale,648.1,602.9098,695.7545,657.9,612.9788,705.2205,650.3,605.9696,696.9967,662.2,617.8682,708.8572,685.1,640.1643,732.3424,688.7,643.8679,735.8147,816.1,734.9271,903.527,822.2,742.1706,908.2933,812,733.9608,895.908,803.9,727.6055,885.8967,819.4,742.7205,901.7277,812.4,737.4502,892.8121,530,477.2576,586.9167,543.9,491.0194,600.8602,536.5,483.9473,593.1338,561,507.5652,618.4633,593.2,538.2194,652.2065,596.4,541.5175,655.2777
Ward,Alwoodley,766.4,717.1657,818.0703,738.1,690.2182,788.3812,709.6,663.1622,758.3913,704.6,658.7632,752.7493,688.4,643.423,735.6617,677.4,632.9616,724.1075,912,828.4995,1001.435,857.4,777.3706,943.2619,831.6,753.8728,915.0322,828.8,752.2814,910.8953,834.1,757.575,916.1827,826.2,749.894,908.0868,664.4,604.4915,728.5289,656.5,597.3051,719.8696,626,568.7607,687.3395,617.6,561.2235,678.0058,587,532.5819,645.3748,578,524.2017,635.7237
Ward,Ardsley and Robin Hood,889.1,818.8099,963.5986,884,815.1213,956.9511,896.7,828.2813,969.0818,915.6,847.6045,987.4406,907.4,840.287,978.2947,899.6,833.9662,968.8937,1132.3,989.3748,1287.3659,1104.5,966.626,1254.0123,1064.2,934.7829,1204.3749,1028.7,906.5877,1160.8868,1038.2,916.3223,1170.0441,1007,897.3483,1125.4396,752.7,670.6369,841.8816,761.6,680.2463,849.8752,788.3,706.2467,877.1534,828.6,745.75,918.0436,810,729.011,897.4434,799.1,719.2831,885.2691
Ward,Armley,1331.7,1252.3538,1414.6969,1331.5,1252.4712,1414.1495,1325.1,1246.5422,1407.2486,1361.4,1282.1411,1444.211,1349.5,1270.7706,1431.7642,1377.6,1298.1707,1460.5482,1753.9,1601.8307,1915.492,1730,1580.4048,1888.9548,1649.6,1502.6377,1805.9889,1664.4,1518.6691,1819.3698,1645.3,1499.6787,1800.2365,1614.4,1472.4781,1765.3922,1015.9,926.8271,1111.1537,1021.5,932.5084,1116.615,1076.4,985.3361,1173.5242,1111.8,1019.8957,1209.6482,1110.4,1018.8953,1207.7902,1173.5,1079.2129,1273.6966
Ward,Beeston and Holbeck,1266.5,1187.8068,1348.9767,1258.2,1179.6748,1340.5162,1222.5,1145.1398,1303.6426,1239.9,1162.2085,1321.3521,1214.5,1137.643,1295.1208,1227,1150.0763,1307.6569,1632.4,1477.5767,1797.5571,1540.5,1393.1797,1697.9046,1515.2,1370.0216,1670.3994,1551.1,1408.3871,1703.4626,1498.6,1359.7385,1647.0063,1470.1,1334.884,1614.6591,1027.8,935.7521,1126.3755,1070.8,976.475,1171.6913,1030.6,938.1374,1129.6123,1026.9,934.5617,1125.7864,1005.4,914.4014,1102.8951,1043.5,951.0579,1142.3842
Ward,Bramley and Stanningley,1145,1070.0049,1223.7385,1104,1030.865,1180.8437,1035,964.828,1108.8238,1031.2,961.6683,1104.3328,994.7,926.8346,1066.1274,981.5,915.1605,1051.3023,1346.9,1215.0185,1488.2073,1308.1,1181.0465,1444.3067,1292.6,1167.0563,1427.2088,1304.9,1179.3203,1439.4449,1241.6,1121.0987,1370.8325,1218.3,1104.1647,1340.6111,997,906.5294,1093.9221,953.3,865.0231,1048.0257,851.9,769.0849,941.0873,841,759.1206,929.1962,817.8,737.3298,904.5527,802.7,723.626,887.9563
Ward,Burmantofts and Richmond Hill,1641.9,1547.5753,1740.3762,1642.8,1548.0467,1741.7437,1686.9,1590.2898,1787.7605,1623.2,1527.7812,1722.9243,1602.7,1507.3284,1702.4329,1672.4,1574.4045,1774.7952,2047.1,1872.4589,2232.4205,2016.3,1845.402,2197.6659,2033.5,1863.1768,2214.2472,1927.1,1759.8164,2105.0172,1943.6,1771.4193,2126.8149,2075.6,1894.4656,2268.0674,1351.8,1240.4116,1470.3991,1355.8,1243.2547,1475.6925,1408.6,1292.9441,1531.729,1389.2,1273.6737,1512.2823,1357.1,1242.2962,1479.5589,1383.6,1267.6509,1507.1836
Ward,Calverley and Farsley,1084.8,1018.3735,1154.3878,1076.1,1010.2191,1145.1178,1070.5,1005.1984,1138.9077,1056.6,992.0834,1124.1932,1059.2,994.6964,1126.7702,1073.6,1009.3531,1140.8502,1269.4,1156.6814,1389.899,1291.2,1178.033,1412.0815,1285,1172.7216,1404.9246,1235.1,1124.7124,1353.1886,1238.2,1127.3205,1356.823,1271.4,1159.0795,1391.4572,925.3,846.5965,1009.2827,902,824.4203,984.852,898.6,821.562,980.8682,916.5,839.3391,998.8059,922.8,845.6899,1005.0168,942.7,865.3116,1025.1122
Ward,Chapel Allerton,1282.4,1201.7693,1366.8698,1264,1184.0816,1347.7489,1229.7,1151.4547,1311.7426,1193.2,1116.4935,1273.6811,1175.7,1100.1996,1254.9218,1138.5,1064.7386,1215.9453,1495.8,1354.8472,1646.3913,1522.7,1378.2067,1677.0535,1506.2,1364.8116,1657.2766,1409,1274.2716,1553.2405,1412,1276.3614,1557.2149,1350.9,1221.0194,1490.1054,1115.3,1018.2343,1218.9423,1072.3,977.6778,1173.4329,1031.6,939.1117,1130.5896,1034,941.5632,1132.9204,1008.6,918.4161,1105.1301,987.7,898.6711,1083.0563
Ward,City and Hunslet,1551.7,1459.7644,1647.767,1529.7,1437.4649,1626.1393,1488.6,1396.89,1584.5804,1467.8,1376.2354,1563.6895,1446.3,1354.898,1542.0762,1462.5,1370.0233,1559.4092,1707.1,1554.4658,1869.6798,1630.1,1478.3452,1792.0038,1618.2,1464.2015,1782.6324,1585.1,1433.9517,1746.6053,1602.2,1449.8833,1764.9647,1706.4,1548.5842,1874.791,1383.3,1268.8414,1505.002,1406.3,1289.3313,1530.6974,1357.4,1241.2823,1481.1125,1349.9,1232.7485,1474.8479,1289.3,1174.74,1411.6776,1245,1131.7096,1366.2366
Ward,Cross Gates and Whinmoor,1099.4,1037.0754,1164.4431,1084.4,1022.9323,1148.5533,1063.3,1002.9113,1126.3363,1085.5,1025.1747,1148.416,1079.4,1019.5499,1141.8141,1055.3,996.764,1116.3499,1311.8,1199.7625,1430.9529,1256.3,1147.6215,1371.9879,1228.7,1122.8906,1341.3464,1302.3,1193.5821,1417.7907,1355,1240.9407,1476.0457,1277.1,1171.1303,1389.6264,954.2,880.0297,1032.9059,969.1,894.5279,1048.1838,949.4,875.9149,1027.3529,942.3,869.7931,1019.1866,910.7,839.8603,985.8679,902.9,832.9697,977.082
Ward,Farnley and Wortley,1132,1066.5636,1200.3651,1147.9,1082.4102,1216.2836,1123.1,1058.6123,1190.456,1137.7,1073.0869,1205.1569,1161.3,1096.5979,1228.7993,1146.3,1082.3586,1213.0116,1350.9,1232.0345,1477.4675,1395.6,1275.0236,1523.8548,1353,1235.5655,1478.0086,1367.6,1251.3471,1491.2626,1394.5,1279.3219,1516.9095,1399.7,1285.5935,1520.9273,969.6,891.797,1052.3137,978.6,900.6428,1061.4347,962.3,885.4038,1044.0115,978.5,900.8969,1060.9169,996.1,918.6986,1078.2035,972.7,896.5533,1053.5186
Ward,Garforth and Swillington,992,931.4984,1055.3794,993.2,933.1495,1056.0798,992.5,933.2106,1054.5516,983.9,925.3263,1045.1945,967.3,909.8781,1027.3829,967.9,911.1572,1027.2389,1212.1,1101.6549,1330.2501,1170.2,1063.9555,1283.8564,1170.6,1066.6462,1281.677,1118.4,1018.1556,1225.6079,1138.7,1037.2314,1247.1287,1168,1065.6146,1277.2668,850,778.3272,926.4286,861.8,790.3243,937.9331,857.3,786.6665,932.5102,878.3,807.1948,953.9333,843.4,774.8438,916.3496,829.4,762.3025,900.7703
Ward,Gipton and Harehills,1072,996.6905,1151.2646,1077.1,1000.6282,1157.628,1074.9,998.4588,1155.3857,1094.1,1017.302,1174.9091,1125.6,1048.4918,1206.6571,1142.9,1066.4238,1223.2085,1229.4,1104.8218,1362.8619,1206.9,1080.1099,1342.9198,1205.5,1077.3957,1343.0068,1244.3,1115.3769,1382.5216,1263.7,1134.3425,1402.241,1358.9,1225.0393,1501.8119,919.8,826.6841,1020.3368,942.1,847.1338,1044.6136,958.6,862.7003,1062.0076,966,869.8134,1069.6561,1001.3,904.1419,1105.8199,951.5,858.2223,1051.9179
Ward,Guiseley and Rawdon,971.3,908.6723,1037.0748,949.6,888.4756,1013.7891,932.8,873.1489,995.4203,926.2,867.8646,987.3983,935.5,877.7449,996.0376,928.5,871.7212,987.9905,1223.4,1093.5153,1363.0162,1199.4,1072.8987,1335.3097,1143.8,1024.6916,1271.6924,1159.5,1045.3401,1281.8191,1147.9,1037.3555,1266.2663,1149.3,1042.7759,1263.2238,830.7,757.6682,908.7834,807.1,735.9398,883.1929,792.6,723.097,866.8904,770.5,702.9745,842.6815,785.3,718.3244,856.7725,776.7,710.4605,847.387
Ward,Harewood,836.3,775.2537,900.7386,776.7,718.9534,837.7261,772.9,716.211,832.7721,740.9,686.4569,798.4239,716.1,662.9371,772.304,687.3,635.2781,742.3488,1059.8,952.0135,1175.7536,999.5,896.2228,1110.7034,1007.5,904.9308,1117.7923,922.2,826.6624,1025.1371,903.9,808.0507,1007.2735,812.8,724.4559,908.3368,670.2,598.652,747.7595,611.9,544.9198,684.6999,600.9,535.4597,672.0168,602.7,538.5311,672.3369,583,520.5768,650.7853,591.6,528.3682,660.2372
Ward,Headingley,1045.1,936.2713,1162.2809,1048,936.9788,1167.7129,1129.4,1013.0798,1254.5788,1181.3,1062.5584,1308.8622,1146.4,1031.2826,1270.0173,1176.2,1058.9907,1301.9615,1340.7,1122.4346,1586.3577,1228,1024.874,1457.5238,1307.8,1100.66,1541.1133,1395.8,1184.5687,1632.7696,1325.7,1123.4216,1552.9461,1285.8,1092.2561,1503.0025,919.7,784.7846,1068.0645,947.7,808.1364,1101.3286,1045.1,895.3139,1209.5661,1116.3,959.0861,1288.6401,1124.1,967.6178,1295.3721,1152.1,993.3663,1325.636
Ward,Horsforth,894.8,836.6897,955.8605,897.7,839.5599,958.7766,888.6,830.9384,949.1724,892.6,835.2521,952.8104,876.6,820.1732,935.8528,885.8,829.5169,944.8693,1128,1018.1178,1246.0447,1130.3,1020.5383,1248.1564,1118.7,1009.5611,1235.8781,1132.4,1023.7597,1248.8939,1157.6,1046.3068,1276.8926,1144.6,1037.1374,1259.6413,768,699.1193,841.7762,768.4,699.5903,842.0839,753.9,686.2296,826.3639,749.9,682.719,821.8189,718.3,653.2227,788.0232,724.5,659.3623,794.2672
Ward,Hyde Park and Woodhouse,1554.8,1427.8114,1689.6324,1528.4,1400.4206,1664.4785,1531.3,1402.6213,1668.1292,1466.6,1340.3597,1601.0972,1430.5,1303.7462,1565.7391,1399.8,1272.6046,1535.6397,1818.2,1590.2089,2065.7754,1693,1475.3152,1930.1526,1619,1407.7698,1849.4944,1457.1,1261.5206,1671.5348,1328,1143.4601,1530.8962,1322.8,1139.8523,1523.7531,1348.6,1192.7803,1518.6823,1358,1199.7194,1530.8756,1432.2,1268.1458,1611.1085,1440.5,1274.4066,1621.7964,1475.8,1303.64,1663.984,1429.5,1256.3753,1619.3833
Ward,Killingbeck and Seacroft,1345.4,1269.8891,1424.1525,1303.2,1228.9859,1380.6553,1283.2,1209.65,1359.9886,1208.7,1137.2626,1283.3936,1218.7,1147.1126,1293.5369,1231.4,1159.7602,1306.2636,1627.1,1490.5722,1772.0608,1543.6,1413.5134,1681.8683,1533.7,1405.5614,1669.912,1393.6,1272.299,1522.9499,1441.9,1319.3434,1572.4499,1481.3,1358.1024,1612.3999,1150.2,1060.379,1245.4864,1122.4,1033.3139,1216.9981,1099.4,1010.8619,1193.4969,1068.9,981.3398,1162.0613,1051.3,964.5216,1143.6753,1039.7,953.867,1131.0638
Ward,Kippax and Methley,1317.6,1242.1436,1396.4126,1276.8,1202.9805,1353.9323,1245.6,1173.106,1321.3666,1180.9,1110.9317,1254.0906,1158.8,1090.3888,1230.3589,1148.8,1080.9828,1219.7419,1610.1,1460.2188,1770.0649,1509.9,1367.2812,1662.3631,1455.8,1316.1048,1605.2722,1371.7,1239.413,1513.3785,1410.7,1277.8594,1552.7683,1375,1245.8952,1513.054,1120,1033.0274,1212.2218,1119.9,1033.2218,1211.7886,1128.7,1041.3626,1221.2875,1070.4,985.7734,1160.2406,1024.9,942.7807,1112.1572,1020.3,938.5541,1107.1827
Ward,Kirkstall,1219.4,1134.8695,1308.4254,1228.8,1143.2297,1318.9262,1218.9,1133.1856,1309.2129,1223.3,1137.5326,1313.6688,1217.3,1132.5704,1306.5696,1182.1,1099.6439,1269.0028,1577.7,1401.1679,1767.8688,1511.2,1350.4522,1684.2846,1447.4,1294.3405,1612.2986,1429.9,1283.2805,1587.8012,1465.9,1318.8505,1624.0775,1462.5,1313.3046,1623.0431,1012.6,915.6516,1116.8211,1023.5,924.6237,1129.8588,1033.5,932.7638,1141.9178,1039.1,937.2816,1148.7225,1004.2,904.8823,1111.2406,967.5,871.3327,1071.2062
Ward,Middleton Park,1343.5,1265.5202,1424.9015,1355.2,1277.4033,1436.3814,1329.2,1252.6036,1409.1531,1318.3,1242.8415,1397.0527,1329.7,1253.5351,1409.1885,1361.2,1284.6121,1441.0703,1660.5,1513.5536,1816.6483,1667.9,1524.242,1820.4314,1650.6,1508.2191,1801.7979,1662.5,1521.0463,1812.6108,1641.8,1497.729,1794.8308,1618.5,1474.1377,1771.8633,1142.2,1050.4285,1239.7283,1146.4,1054.6915,1243.8414,1114.1,1024.204,1209.685,1084.1,996.449,1177.3226,1124.2,1034.9306,1219.045,1200.1,1108.2192,1297.504
Ward,Moortown,1051.4,991.4037,1113.9945,1062.5,1002.1948,1125.3972,1041.4,981.7104,1103.6777,1034.9,975.5291,1096.8452,1028.4,969.654,1089.6826,1063.5,1003.6474,1125.9,1223.8,1116.4671,1338.5183,1238.5,1130.8308,1353.479,1231.7,1125.686,1344.8322,1229.2,1124.8614,1340.4619,1251.3,1147.2651,1362.1138,1280.8,1176.1905,1392.1134,939.1,867.4721,1014.7841,949,876.8197,1025.2533,911,840.1575,985.9338,900.3,829.7007,975.0133,877.8,808.3999,951.2719,912.4,841.146,987.7813
Ward,Morley North,1036.8,971.6104,1105.1735,992.9,929.8489,1059.0588,986.2,923.7514,1051.7101,972.7,911.3257,1037.0718,978,917.509,1041.3948,959.5,900.5037,1021.3197,1251.9,1119.7243,1393.6528,1215.4,1085.737,1354.535,1196.5,1070.6337,1331.5074,1170,1048.0584,1300.7264,1192.5,1067.7304,1326.0592,1174.4,1055.9455,1301.0917,897.7,821.2413,979.3181,860.2,786.0657,939.388,856.6,783.0184,935.172,847,774.3302,924.5984,844.3,772.854,920.5289,825.1,755.11,899.8034
Ward,Morley South,1246.2,1165.9381,1330.4682,1236.8,1157.3641,1320.19,1208.2,1130.2812,1290.0146,1117.4,1043.8315,1194.7339,1097.3,1024.9214,1173.3962,1075,1003.656,1150.0323,1672.1,1507.5939,1848.3372,1626.2,1468.434,1795.1168,1615.8,1460.4246,1782.0853,1479.9,1335.1637,1635.0873,1400.3,1260.2098,1550.7589,1321.7,1187.2112,1466.392,990.1,900.6391,1085.9548,974.4,886.1011,1069.0312,935,848.995,1027.2731,877.7,795.4994,966.0068,896.6,814.0925,985.1277,917.9,834.2577,1007.5819
Ward,Otley and Yeadon,954,898.2632,1012.2564,923,868.5704,979.9129,905.7,852.2451,961.5982,877.9,825.8744,932.3204,899.2,846.9575,953.8052,894.4,842.7679,948.3566,1276.1,1168.0832,1391.1028,1191.6,1088.5504,1301.4741,1200.7,1098.3273,1309.7559,1127.8,1030.0802,1232.0486,1145.7,1047.724,1250.1395,1139.2,1043.6319,1240.9894,765.6,701.8505,833.4611,754.8,692.0859,821.5404,713.9,653.5523,778.191,709.9,650.4201,773.2339,735.3,675.1989,799.2079,730.2,670.4923,793.7031
Ward,Pudsey,1095,1032,1160.8108,1071.9,1009.895,1136.6876,1082.6,1020.7514,1147.1898,1058.7,997.9276,1122.1827,1023.4,963.9689,1085.5176,1041.2,981.5349,1103.5283,1404.7,1283.3596,1533.9394,1307.9,1193.7537,1429.6352,1317.9,1204.4171,1438.855,1266.6,1156.8706,1383.6246,1237.5,1129.6949,1352.522,1254.5,1147.0074,1369.1183,893.7,821.9312,969.9513,896.9,825.4314,972.7981,911.8,840.2115,987.7589,900.7,829.7965,975.9464,861.6,792.6809,934.8237,887.7,817.7791,961.9216
Ward,Rothwell,1026.8,960.6253,1096.2852,1012,947.154,1080.0756,1010.2,946.0193,1077.5545,1015.4,951.744,1082.165,982.1,919.7838,1047.4995,976.2,914.4145,1041.0358,1170.8,1055.3021,1294.9196,1161.4,1047.4645,1283.8301,1163.2,1051.0661,1283.5838,1190.2,1079.0315,1309.3318,1183.3,1071.5868,1303.0428,1143,1033.9821,1259.908,919.9,839.4377,1005.8988,913.1,833.8412,997.7729,908.5,829.9602,992.3938,898,820.5128,980.7695,846.1,771.6866,925.6991,858.7,784.1375,938.4038
Ward,Roundhay,1215.4,1152.6467,1280.6117,1212.9,1150.1501,1278.1141,1172,1110.2654,1236.202,1174,1112.3384,1238.1164,1145.4,1084.7236,1208.5111,1158.7,1097.7336,1222.0953,1312.7,1204.7145,1427.6247,1330,1221.9153,1444.9553,1284.6,1179.0345,1396.9492,1274.3,1170.0763,1385.1787,1256.5,1153.5417,1366.0624,1296.7,1192.5287,1407.4346,1123.8,1047.8668,1203.5383,1112.9,1037.314,1192.3146,1073.7,999.1334,1152.1285,1085.1,1009.7398,1164.3539,1056.3,982.2008,1134.267,1057.6,983.3411,1135.7351
Ward,Temple Newsam,1106.3,1038.3434,1177.46,1103.5,1035.7317,1174.4487,1073.3,1007.0044,1142.7207,1047.8,982.6662,1116.0241,1060.1,994.8067,1128.4651,1065.1,999.9132,1133.3251,1272.8,1146.6675,1407.7795,1261.2,1138.3853,1392.5188,1237.6,1117.3192,1366.1571,1199.5,1084.0072,1322.9816,1273.4,1154.9423,1399.7798,1268.3,1151.7803,1392.5588,994.4,912.6157,1081.4934,984.2,902.9071,1070.7849,953.3,873.5819,1038.2822,938.1,859.1189,1022.3372,910.9,833.1495,993.9077,924.7,846.3573,1008.2769
Ward,Weetwood,873.9,812.9452,938.144,897.3,836.0968,961.7294,946.5,884.1982,1011.9685,898.3,838.2903,961.4121,889.9,830.4387,952.4445,875.8,816.9111,937.7609,1147,1032.0744,1270.7572,1144.6,1031.6546,1266.1469,1143.9,1033.1294,1263.0113,1080.1,974.478,1193.828,1067.7,962.9671,1180.5127,1046,942.0054,1158.1136,698.9,629.6373,773.5414,729.4,659.5478,804.4729,806.1,733.0153,884.3277,777.4,705.6647,854.2623,771.8,700.5919,848.1031,769.5,698.3583,845.7378
Ward,Wetherby,806.1,751.9625,863.0599,811.7,758.2618,867.8733,802,749.629,857.0329,788.4,737.2258,842.1619,758.1,708.9661,809.7183,745.1,697.2149,795.386,987.1,887.1457,1094.6568,997.4,898.4162,1103.7367,964.5,868.8494,1067.2732,938.9,846.1388,1038.5602,889.2,802.1058,982.7956,841.1,757.7951,930.6932,697.9,633.5059,767.0092,702.4,638.4383,770.9802,708.6,644.9626,776.7602,697.6,635.3659,764.2183,671.5,611.6348,735.5688,675.2,616.3788,738.0475
Leeds Resident,Leeds,1089.1,1077.1262,1101.1726,1076.3,1064.4504,1088.2475,1062.6,1050.8922,1074.4046,1047,1035.4738,1058.6215,1036.3,1024.9158,1047.7783,1034.8,1023.5025,1046.1904,1316.5,1294.663,1338.5962,1287.4,1266.0244,1309.0301,1268.2,1247.2348,1289.4148,1240.9,1220.4716,1261.5721,1239.3,1218.9902,1259.8514,1231.2,1211.2365,1251.3995,928.3,914.0711,942.6928,923.3,909.1496,937.6133,912.4,898.3769,926.585,904.5,890.6169,918.5432,889.2,875.5389,903.0189,890.9,877.2841,904.6724
Community Committee,Inner East,1294.8,1249.5321,1341.2561,1280.7,1235.4892,1327.1103,1284.7,1239.3582,1331.2453,1240,1195.4769,1285.7267,1255.5,1210.6212,1301.5894,1296.1,1250.4638,1342.9481,1556.6,1476.0277,1640.1189,1513.4,1434.4141,1595.3108,1514.8,1436.1091,1596.4121,1438.6,1362.3672,1517.7402,1470.9,1393.7902,1550.9288,1557.4,1478.1882,1639.5262,1094.4,1040.0045,1150.8715,1090.4,1035.7477,1147.1567,1101.5,1046.3347,1158.7859,1082.7,1027.9424,1139.5823,1084.3,1029.3475,1141.3921,1083.7,1028.7861,1140.7477
Community Committee,Inner North East,1150.4,1112.9766,1188.7424,1151.8,1114.28,1190.2416,1122.4,1085.3398,1160.3825,1110.1,1073.354,1147.7625,1096.3,1059.9499,1133.5586,1107.6,1071.0572,1145.0521,1301.6,1235.9512,1369.7517,1324.3,1257.9886,1393.1176,1303.9,1238.5875,1371.6849,1273.3,1209.5411,1339.4796,1279.7,1216.103,1345.7006,1291.7,1228.2119,1357.57,1034.3,989.1559,1080.9073,1025.4,980.384,1071.8851,988.1,943.7803,1033.8984,988.2,943.764,1034.1208,965.5,921.7695,1010.7024,977.4,933.2136,1023.0707
Community Committee,Inner North West,1086.5,1035.4544,1139.3536,1090,1038.711,1143.1087,1138.1,1085.6777,1192.3409,1107.4,1055.8433,1160.767,1080.9,1030.3217,1133.2662,1062.9,1012.9312,1114.6426,1364.9,1270.0062,1464.6422,1315.7,1223.5948,1412.5869,1317.3,1226.0924,1413.2256,1266.8,1178.2572,1360.0159,1213.4,1127.3705,1304.0361,1185.9,1101.6007,1274.7161,894.7,834.9341,957.4492,916.9,856.3642,980.4228,997.3,933.8065,1063.806,993.6,929.8124,1060.4309,989.2,925.8006,1055.6257,975.8,913.0043,1041.6148
Community Committee,Inner South,1409,1360.46,1458.8027,1402.5,1353.9677,1452.2985,1365.1,1317.196,1414.2706,1359.9,1312.178,1408.884,1342.9,1295.4818,1391.5816,1358.5,1310.9571,1407.2982,1695.9,1607.0803,1787.9927,1650.8,1563.2774,1741.5837,1633.4,1545.8124,1724.2758,1638.4,1551.9788,1728.0423,1605.7,1520.4129,1694.2022,1608.4,1523.7753,1696.1997,1198.8,1140.7456,1259.0122,1218,1159.2636,1278.908,1174.7,1116.961,1234.6156,1158.8,1101.4243,1218.3554,1146.1,1089.1901,1205.1796,1173,1115.4411,1232.7239
Community Committee,Inner West,1185.5,1141.3324,1230.9141,1174.7,1130.7905,1219.8534,1146.7,1103.4366,1191.2005,1160.3,1116.9691,1204.8584,1147.8,1104.8162,1192.0068,1152.5,1109.5555,1196.66,1489.8,1406.2615,1576.6455,1454.9,1374.7618,1538.2117,1399.2,1321.5913,1479.9217,1407.1,1330.6117,1486.6269,1392.3,1316.5842,1471.0345,1380.2,1305.6078,1457.7587,970.5,919.0595,1024.0382,961.3,909.964,1014.7453,951.7,900.5701,1004.9427,963.3,911.9506,1016.752,949.6,898.7385,1002.5552,965.9,914.5982,1019.2962
Community Committee,Outer East,1128.6,1095.1976,1162.7546,1112.4,1079.4652,1146.0763,1092.1,1059.7533,1125.1754,1073.7,1041.9286,1106.1873,1065.7,1034.3069,1097.7981,1055.8,1024.848,1087.4441,1344.4,1282.2999,1408.5586,1288.5,1228.8859,1350.1051,1262.5,1204.5579,1322.3733,1242.8,1186.2946,1301.184,1285.6,1228.0831,1344.99,1263.9,1207.6201,1322.0052,984.3,944.5594,1025.2722,986.4,946.8207,1027.197,972.2,933.0838,1012.5235,955.8,917.292,995.4993,920.2,882.7538,958.8187,913.9,876.9021,952.0512
Community Committee,Outer North East,804.3,772.7698,836.7695,777.3,746.7627,808.7512,763.3,733.4426,794.0495,747.9,718.7452,777.9249,723.7,695.3873,752.8623,703.5,675.9086,731.9222,978.6,923.4105,1036.114,941.8,888.5909,997.2618,925.7,873.7678,979.8248,893.1,842.9803,945.3486,873.9,824.7334,925.1635,829,781.569,878.4884,682.3,644.4959,721.719,663.8,626.9371,702.2441,652.1,615.9501,689.7999,644.8,609.3616,681.7449,618.5,584.2858,654.1787,615.8,582.0647,650.9653
Community Committee,Outer North West,878.8,850.4899,907.8062,868.3,840.414,896.8694,853.7,826.328,881.7418,847.9,820.9637,875.4902,855.1,828.3339,882.5071,852.7,826.2411,879.7876,1118.6,1064.5841,1174.529,1092.1,1039.4514,1146.6134,1074.7,1023.4882,1127.711,1056.8,1007.1463,1108.1867,1063.5,1014.1288,1114.5762,1053.2,1005.4335,1102.5914,734.6,701.4716,768.8728,729.9,697.1438,763.7802,708.1,676.145,741.1568,707.4,675.763,740.1177,717,685.4809,749.5782,712.4,681.1764,744.6713
Community Committee,Outer South,1053.8,1018.4131,1090.0882,1032.3,997.7064,1067.7732,1026.6,992.4067,1061.6573,1006.5,973.1244,1040.7164,991.7,958.9068,1025.3183,978.3,946.0504,1011.3594,1285.7,1218.5433,1355.3352,1256.2,1190.8664,1323.9403,1243.6,1179.7287,1309.8015,1209.4,1147.7528,1273.2896,1197.1,1135.9934,1260.428,1156.4,1098.0065,1216.9162,899.3,857.7685,942.3096,883.5,842.7485,925.6993,877.3,836.9649,919.0641,865.7,826.0686,906.7308,850.7,811.8772,890.8912,851.1,812.4473,891.1099
Community Committee,Outer West,1108.7,1070.8585,1147.5273,1103,1065.4547,1141.5211,1096.9,1059.6961,1135.0686,1087.9,1051.077,1125.6771,1082.7,1046.2008,1120.1423,1087.8,1051.4583,1125.0728,1348.1,1279.3993,1419.3881,1336.9,1269.2207,1407.121,1324.8,1257.9785,1394.1334,1297,1231.3659,1365.1171,1296,1230.8386,1363.6195,1311.1,1246.1591,1378.4674,930.5,886.2543,976.3599,927.8,883.7717,973.4317,926.6,882.8626,971.9217,932.2,888.5205,977.4502,924.2,881.0614,968.8858,933.6,890.3405,978.3991
CCG,NHS Leeds North CCG,993.3,971.4853,1015.4777,972.4,951.0037,994.1528,946.5,925.5965,967.7533,943.9,923.1084,965.0388,918.5,898.2032,939.1372,906.8,886.8063,927.1285,1161.3,1123.1297,1200.3998,1137.6,1100.1482,1175.9651,1119.6,1083.005,1157.0833,1108.3,1072.2586,1145.2165,1078.3,1042.9784,1114.4867,1068,1033.3269,1103.517,867.7,841.3688,894.6353,851.2,825.3114,877.6838,819.2,793.9866,845.0001,821.2,796.0012,846.9827,803.5,778.8295,828.7424,790.5,766.1739,815.3916
CCG,NHS Leeds South and East CCG,1193.4,1171.3655,1215.7409,1183.5,1161.6847,1205.6181,1162.3,1140.8392,1184.0594,1145.1,1123.9505,1166.5442,1134.7,1113.7564,1155.9357,1131.1,1110.3504,1152.1375,1429.4,1389.2488,1470.3512,1391.5,1352.4055,1431.3765,1367.3,1329.0159,1406.3502,1337.5,1300.1073,1375.6442,1355.6,1317.9921,1393.9572,1341.1,1304.2186,1378.7122,1024.5,998.1652,1051.3493,1029.9,1003.6005,1056.7095,1011.8,985.8612,1038.2441,1004.5,978.7918,1030.7084,975,949.8307,1000.664,973.9,948.9012,999.3876
CCG,NHS Leeds West CCG,1020.5,1002.2744,1038.9705,1003.6,985.6636,1021.7776,994.9,977.1934,1012.8438,988.1,970.5365,1005.8989,977.5,960.1708,995.0613,981.9,964.6802,999.3481,1273.5,1239.0887,1308.5738,1237.8,1204.431,1271.8122,1208.3,1175.9062,1241.3181,1192,1160.209,1224.405,1177.4,1146.1049,1209.2999,1173.1,1142.4907,1204.2946,851.8,830.5126,873.4893,840.4,819.3793,861.8177,841.2,820.3026,862.4893,841.6,820.7246,862.8663,833.6,812.9895,854.5956,843.1,822.4576,864.1246
Deprivation,Deprived,1396.8,1365.4673,1428.6597,1382.5,1351.2224,1414.3085,1373.9,1342.7141,1405.6172,1365.9,1334.835,1397.4958,1358.3,1327.2893,1389.8432,1376.9,1345.6001,1408.7346,1676.6,1620.7394,1733.7811,1640.6,1585.4483,1697.0707,1628.7,1574.1572,1684.552,1619.3,1565.3469,1674.5525,1617,1563.0282,1672.277,1651.7,1597.0044,1707.7091,1176.3,1138.7842,1214.7208,1173.9,1136.2264,1212.4883,1170,1132.2844,1208.6348,1167.6,1129.8511,1206.2715,1155.4,1117.8308,1193.8925,1166.2,1128.3519,1204.9755
Deprivation,Not Deprived,1017.6,1004.7635,1030.5583,1006.3,993.617,1019.1032,992.3,979.7915,1004.9271,976.4,964.112,988.8045,966.3,954.185,978.5296,962.1,950.1178,974.1949,1230.5,1206.9546,1254.3695,1204.3,1181.2901,1227.6268,1184.6,1162.0727,1207.4372,1155.3,1133.4167,1177.4849,1155.8,1134.0478,1177.8504,1141,1119.7658,1162.5234,872,856.7677,887.4326,867.8,852.6735,883.1248,856,841.0426,871.154,847.8,833.0243,862.7695,832.8,818.2914,847.499,833.4,818.9651,848.0234
