AreaType,AreaCodeName,01/07/2012_DASR,01/07/2012_lower95CI,01/07/2012_upper95CI,01/10/2012_DASR,01/10/2012_lower95CI,01/10/2012_upper95CI,01/01/2013_DASR,01/01/2013_lower95CI,01/01/2013_upper95CI,01/04/2013_DASR,01/04/2013_lower95CI,01/04/2013_upper95CI,01/07/2013_DASR,01/07/2013_lower95CI,01/07/2013_upper95CI,01/10/2013_DASR,01/10/2013_lower95CI,01/10/2013_upper95CI,01/01/2014_DASR,01/01/2014_lower95CI,01/01/2014_upper95CI,01/04/2014_DASR,01/04/2014_lower95CI,01/04/2014_upper95CI,01/07/2014_DASR,01/07/2014_lower95CI,01/07/2014_upper95CI,01/10/2014_DASR,01/10/2014_lower95CI,01/10/2014_upper95CI,01/01/2015_DASR,01/01/2015_lower95CI,01/01/2015_upper95CI,01/04/2015_DASR,01/04/2015_lower95CI,01/04/2015_upper95CI,01/07/2015_DASR,01/07/2015_lower95CI,01/07/2015_upper95CI,01/07/2015_DASR,01/07/2015_lower95CI,01/07/2015_upper95CI,01/01/2016_DASR,01/01/2016_lower95CI,01/01/2016_upper95CI,01/04/2016_DASR,01/04/2016_lower95CI,01/04/2016_upper95CI,01/07/2016_DASR,01/07/2016_lower95CI,01/07/2016_upper95CI,01/10/2016_DASR,01/10/2016_lower95CI,01/10/2016_upper95CI
MSOA,E02002330,3283.2044,2891.6069,3712.4033,3279.3022,2889.472,3706.4147,3314.5468,2924.1763,3741.813,3372.8665,2962.9307,3822.8118,3365.9551,2972.3616,3796.322,3428.7415,3032.8276,3861.2303,3462.0203,3065.6641,3894.6561,3391.9685,3001.4608,3818.4847,3397.1737,3008.5654,3821.3525,3405.9548,3016.6968,3830.7131,3395.9826,3007.6398,3819.7423,3382.8436,2995.1704,3805.937,3433.5722,3043.2121,3859.2774,3421.2871,3030.6598,3847.4751,3411.588,3023.1812,3835.2897,3380.9034,2992.4955,3804.8634,3408.4503,3017.1599,3835.4914,3390.1048,3002.8181,3812.6482
MSOA,E02002331,4279.0377,3795.3041,4806.3376,4270.4203,3788.8553,4795.2035,4222.6194,3744.4096,4743.8981,4321.6258,3828.645,4859.3237,4377.4373,3892.6953,4904.6488,4402.2674,3921.2721,4924.7813,4492.683,4007.5953,5019.0413,4540.7153,4053.1519,5069.4994,4583.0733,4093.2559,5113.9816,4576.8,4090.1899,5104.0444,4526.3865,4046.997,5045.6251,4596.6641,4115.1193,5117.7608,4776.5932,4285.0988,5307.6454,4856.0382,4361.3748,5390.0146,4787.1391,4297.5421,5315.8093,4750.3463,4263.2948,5276.4319,4726.2434,4244.5959,5246.2761,4800.4211,4314.5517,5324.535
MSOA,E02002332,4784.862,4261.8523,5353.8485,4730.3773,4211.4547,5295.0723,4760.0573,4238.8543,5327.1559,4877.6007,4351.2895,5449.5658,4859.3065,4335.0058,5429.0121,4994.8261,4462.7091,5572.359,4994.1763,4463.3976,5570.1129,5063.632,4531.7711,5640.249,5020.988,4492.44,5594.2218,4933.3563,4411.6256,5499.4752,4919.29,4399.0789,5483.76,5033.6602,4508.6913,5602.6688,5045.3732,4520.0873,5614.6576,5074.486,4548.9603,5643.8288,5125.4491,4598.178,5696.3516,5134.8192,4607.3669,5705.8526,5078.1441,4559.903,5638.8883,5093.2165,4575.2123,5653.5796
MSOA,E02002333,4097.994,3674.6231,4556.2939,4142.1804,3718.9089,4600.0135,4142.5228,3718.9576,4600.7243,4159.9224,3737.2099,4616.9507,4307.5336,3877.8982,4771.3613,4495.9142,4058.7083,4966.9824,4569.6064,4130.6725,5042.0967,4757.8283,4309.7471,5239.4814,4716.2475,4269.7414,5196.374,4661.7399,4221.1327,5135.4821,4687.6309,4245.7777,5162.6303,4655.7114,4216.0415,5128.487,4682.5759,4243.2944,5154.689,4711.0805,4271.5947,5183.213,4753.2379,4313.7968,5225.0482,4931.1634,4482.9064,5411.825,4919.6485,4473.8067,5397.6462,4932.3186,4487.3024,5409.285
MSOA,E02002334,3605.4667,3204.5387,4042.2502,3553.6864,3156.0378,3987.085,3540.6546,3144.2417,3972.7695,3517.8379,3114.0012,3958.9814,3575.5848,3173.5517,4013.8261,3691.6375,3288.2215,4130.3386,3744.3122,3337.5572,4186.4088,3690.7629,3289.4244,4127.0879,3733.2755,3328.4895,4173.1163,3720.1767,3317.7858,4157.358,3764.0252,3359.3589,4203.5082,3772.8798,3366.963,4213.7209,3808.5907,3402.9735,4248.7721,3844.5124,3434.9331,4288.9381,3907.0706,3493.4512,4355.6046,3928.6173,3515.2501,4376.6086,3950.5285,3537.107,4398.3677,3885.1234,3476.8429,4327.5495
MSOA,E02002335,2831.84,2487.7667,3209.7764,2855.0443,2511.397,3232.1621,2861.4129,2514.9341,3241.7781,3685.3552,3007.4197,4467.6493,2983.3669,2627.9999,3372.8564,3094.6299,2735.2621,3487.5734,3160.2595,2797.4267,3556.5489,3143.8769,2782.868,3538.1742,3041.0655,2686.8701,3428.4164,3070.0572,2714.7729,3458.3478,3098.945,2742.2333,3488.6716,3088.0369,2732.3661,3476.6262,3048.6458,2697.178,3432.704,3108.3688,2753.7638,3495.4913,3067.2675,2716.6446,3450.1019,3146.1346,2789.879,3534.8219,3175.1414,2819.2344,3563.1023,3166.1058,2812.6057,3551.2752
MSOA,E02002336,3452.1332,3051.4694,3890.3742,3515.9528,3112.7378,3956.4171,3511.0574,3106.3026,3953.4143,3488.6914,3087.6773,3926.8901,3508.8864,3106.3706,3948.587,3567.8055,3163.2184,4009.2909,3593.4965,3189.4499,4034.1275,3642.9025,3236.4923,4085.7861,3644.1719,3238.1257,4086.6588,3641.2281,3236.0536,4082.7651,3750.7985,3338.7401,4199.3274,3757.2383,3343.6436,4207.5023,3657.1189,3251.5794,4098.9263,3700.5081,3289.5616,4148.142,3710.4621,3299.198,4158.3783,3658.0639,3248.289,4104.7442,3586.9661,3180.2916,4030.6622,3574.4574,3170.6994,4014.8393
MSOA,E02002337,3515.7315,3067.3107,4010.8055,3564.5358,3112.9512,4062.6679,3529.4344,3079.937,4025.4791,3517.3097,3068.7662,4012.41,3541.0175,3091.3249,4037.1697,3734.29,3275.1215,4239.2309,3727.8445,3269.318,4232.0794,3687.4183,3232.2913,4188.1119,3655.3352,3204.0084,4151.8482,3641.7403,3193.6002,4134.6501,3578.9979,3137.8977,4064.3568,3599.3618,3158.6888,4083.9634,3652.1091,3208.0812,4140.0226,3647.9872,3205.4012,4134.2238,3653.0148,3211.1947,4138.2269,3751.8704,3303.3502,4243.8076,3862.9358,3418.6035,4348.547,4032.5343,3579.5176,4526.643
MSOA,E02002338,4153.6587,3682.5379,4667.5137,4204.6156,3731.3921,4720.4589,4332.7007,3853.4324,4854.3157,4273.1629,3796.9774,4791.86,4280.8344,3799.0661,4806.1465,4368.5985,3886.8438,4892.9196,4448.3071,3962.3564,4976.7619,4532.8797,4043.5829,5064.4808,4627.9628,4134.4153,5163.6344,4771.5817,4269.0266,5316.4269,4775.6417,4275.2554,5317.941,4821.7438,4321.5703,5363.4313,4795.2932,4296.0729,5336.1372,4829.5848,4327.2462,5373.7436,4886.4926,4380.0374,5434.9198,4923.7569,4418.0292,5471.0228,4864.369,4369.2646,5399.7827,4802.8749,4313.6529,5331.9853
MSOA,E02002339,5790.3949,5174.1543,6459.3154,5786.6911,5175.717,6449.4821,5768.5393,5160.3089,6428.3539,5891.0035,5276.241,6557.3386,5985.0247,5355.3093,6667.9789,6550.4469,5899.871,7252.7986,6635.915,5980.6972,7342.8482,6671.2487,6016.2803,7377.6322,6696.7752,6040.414,7404.5219,6780.3704,6121.7162,7490.1734,6869.9813,6206.5377,7584.6746,6831.9656,6172.082,7542.8239,6873.1996,6209.5112,7588.0896,6920.835,6255.2229,7637.5966,7007.8745,6338.3645,7728.5027,7009.219,6336.3963,7733.6783,7081.7593,6401.0166,7814.8142,6945.1281,6274.4311,7667.6352
MSOA,E02002340,4494.0533,3972.4094,5064.8094,4571.8636,4046.9274,5145.6589,4519.1211,3997.9079,5089.0311,4536.2731,4015.3733,5105.6563,4675.9781,4144.9921,5255.8355,4844.2623,4309.7064,5426.5409,4997.0352,4453.9267,5587.8069,4939.9195,4398.1406,5529.6503,5112.5492,4560.2848,5712.8773,5212.7112,4658.1989,5814.8556,5338.361,4778.1308,5946.0298,5445.7991,4877.8977,6061.3418,5460.7125,4893.7772,6074.9897,5438.3157,4872.5945,6051.3497,5545.3355,4972.3259,6165.9044,5584.3106,5010.6121,6205.3405,5481.4859,4919.9737,6089.1865,5536.459,4974.3321,6144.4186
MSOA,E02002341,4673.326,4210.6973,5172.4693,4669.7765,4208.0027,5167.9975,4637.294,4177.7507,5133.1582,4562.3532,4107.569,5053.3312,4640.5887,4184.4085,5132.5791,4681.045,4224.1154,5173.5526,4749.2507,4288.5148,5245.6243,4843.7108,4379.9072,5342.9266,4863.969,4398.941,5364.3668,4983.0049,4513.1737,5488.0811,5093.0486,4618.626,5602.5431,5261.6919,4780.5305,5777.7979,5269.2357,4788.408,5784.9029,5299.2146,4816.8434,5816.4565,5283.9582,4801.7896,5801.1039,5189.6631,4625.9086,5802.3195,5171.3232,4698.7742,5678.1913,5151.7333,4679.8449,5657.9728
MSOA,E02002342,3727.2678,3279.4014,4218.7555,3719.9376,3272.6232,4210.8195,4458.5576,3774.798,5229.614,3849.5394,3392.1144,4350.7987,3933.9571,3470.4552,4441.3522,4170.2278,3693.6677,4690.4887,4186.1948,3707.6582,4708.5332,4178.1214,3698.8434,4701.4304,4191.3049,3708.4684,4718.6635,4218.388,3734.0431,4747.1477,4089.6416,3610.7302,4613.5552,4079.7768,3605.266,4598.7057,4251.7878,3766.9478,4781.088,4276.9215,3790.1718,4808.2248,4342.8231,3850.6127,4879.7611,4334.5913,3846.6419,4866.8013,4388.3388,3899.8752,4920.5628,4357.3174,3872.9879,4884.9611
MSOA,E02002343,4482.6503,3918.6908,5103.8246,4487.4864,3925.7504,5105.9587,4484.4521,3917.9731,5108.66,4483.8289,3925.3735,5098.441,4602.2963,4034.3698,5226.7149,4823.3173,4247.8003,5454.0958,4922.0709,4342.2188,5556.942,5083.4167,4494.1601,5727.5191,5184.8187,4590.9982,5833.0929,5141.0698,4550.538,5786.0542,5172.6677,4581.8368,5817.6781,5169.0587,4578.5468,5813.6219,5131.9718,4547.2452,5770.2201,5195.2647,4605.5035,5838.7147,5252.6983,4662.7072,5895.8255,5199.0706,4612.9911,5838.2167,5217.7856,4631.45,5857.0219,5215.9928,4632.0922,5852.3882
MSOA,E02002344,4542.2382,4086.8955,5034.0224,4706.8837,4244.1038,5205.8939,4767.7856,4303.0773,5268.5816,4774.176,4307.4801,5277.2589,4748.6301,4279.592,5254.6382,4888.8467,4416.0958,5398.0212,4848.5295,4378.9708,5354.4084,4900.455,4430.3464,5406.5496,4993.9564,4519.4196,5504.4493,5037.0876,4561.8531,5548.1058,5056.1771,4581.1793,5566.7635,5092.1349,4614.0914,5605.9511,5094.1093,4616.299,5607.5433,5131.0736,4653.2077,5644.2659,5233.8874,4751.9457,5750.9942,5270.7186,4754.4828,5827.2039,5248.1952,4766.824,5764.567,5175.8747,4700.9621,5685.3183
MSOA,E02002345,3529.893,3081.0401,4025.2265,3650.0044,3191.6782,4155.1434,3842.2814,3359.9715,4373.8538,3833.2745,3364.6928,4348.3665,3913.9267,3438.7596,4435.9577,3910.0746,3435.9974,4430.8097,4005.8916,3527.6835,4530.3905,4075.0587,3591.6168,4605.0144,4117.2564,3634.3639,4645.968,4238.2789,3748.9851,4773.2006,4264.5097,3773.7668,4800.8431,4329.1782,3836.9791,4866.5123,4389.5917,3894.4647,4929.7112,4536.9382,4031.9473,5087.1702,4508.9574,4004.1513,5059.2276,4478.1294,3968.3081,5034.7876,4509.324,4007.5629,5056.1158,4389.0764,3895.481,4927.5251
MSOA,E02002346,4680.1091,4125.3483,5288.1383,4801.3084,4241.2208,5414.3325,5727.0312,4719.6955,6881.5264,4685.3518,4129.9236,5294.0058,4792.7063,4229.0579,5409.9414,4847.032,4282.2912,5464.9425,4999.2034,4424.0949,5627.6398,4946.2675,4366.1267,5580.8181,4968.7901,4394.8976,5595.9977,5056.2395,4478.5535,5687.0951,5042.0421,4467.1707,5669.824,5146.278,4567.0594,5778.036,5042.6769,4471.0145,5666.5698,5055.7039,4484.6388,5678.7559,5051.45,4480.4252,5674.5522,5024.1314,4454.2101,5646.1242,4946.479,4381.3907,5563.6738,4969.6128,4403.2438,5588.0138
MSOA,E02002347,6538.2315,5855.7709,7276.7463,6530.4576,5847.9612,7269.1777,6390.8905,5717.0467,7120.8323,6467.3669,5785.6241,7205.8654,6555.4867,5869.2244,7298.4519,6734.633,6040.3819,7485.3252,6761.5424,6066.0055,7513.4616,6885.1349,6183.6618,7642.8266,6931.1898,6227.59,7691.0204,6905.0137,6205.7545,7660.0786,6817.1304,6126.1113,7563.5303,7199.0595,6488.073,7965.4796,7246.5346,6535.6179,8012.5856,7359.106,6640.8589,8132.6192,7421.9942,6700.4724,8198.7472,7403.1948,6587.5638,8289.9282,7187.0955,6486.4878,7941.5419,7298.5423,6590.16,8061.15
MSOA,E02002348,4629.8058,4099.1434,5208.9527,4621.8063,4092.6059,5199.2698,4758.8012,4106.8618,5483.1175,4616.7597,4084.8791,5197.5038,4656.903,4121.1901,5241.6512,4582.98,4055.4703,5158.7742,4581.7744,4055.8807,5155.717,4671.2041,4144.3856,5245.3021,4667.3545,4142.0606,5239.7083,4766.9227,4238.1317,5342.436,4784.3068,4254.2708,5361.2553,4895.0046,4356.2206,5481.0723,5011.215,4468.4229,5600.9365,5111.6673,4563.6352,5706.5484,5046.123,4501.7399,5637.3438,5246.9342,4690.4535,5850.3155,5250.9312,4696.1876,5852.2124,5216.1507,4664.5095,5814.2125
MSOA,E02002349,4135.959,3595.0943,4733.6301,4301.6549,3751.5362,4908.218,4235.7218,3687.7436,4840.4453,4177.7349,3633.714,4778.8937,4331.8824,3782.9739,4936.6035,4425.9355,3868.1632,5039.9194,4349.3663,3799.1848,4955.3648,4518.0116,3959.7637,5131.6699,4391.3591,3846.4383,4990.7182,4355.9914,3816.7478,4948.8741,4381.9188,3840.0731,4977.5469,4439.8563,3897.3959,5035.4813,4311.4426,3777.7181,4898.3717,4343.6347,3810.6332,4929.4278,4432.248,3894.0661,5023.1752,4387.2431,3846.3489,4981.9406,4332.1984,3800.9249,4915.9806,4335.4959,3801.887,4921.9566
MSOA,E02002350,2945.3719,2553.3696,3379.9949,2944.1739,2550.3619,3380.9132,3070.2742,1986.8696,4523.7991,3026.9288,2623.6088,3473.7675,3075.3401,2669.8049,3524.1987,3155.7821,2744.7342,3610.1054,3240.1907,2822.8552,3700.8439,3305.0111,2885.0569,3768.0544,3366.2189,2943.4342,3831.9921,3481.7191,3050.7855,3955.6105,3399.2146,2974.9199,3866.1752,3464.2265,3035.8301,3935.1446,3401.2954,2975.6512,3869.7412,3451.4228,3023.3161,3922.1137,3581.9876,3144.3905,4062.294,3679.4291,3236.4754,4165.0011,3631.6899,3193.8284,4111.8505,3614.2942,3180.2053,4090.0646
MSOA,E02002351,3138.5648,2723.7322,3598.1584,3128.0355,2717.0965,3582.9841,3271.7201,2846.2707,3742.0691,3365.8081,2895.5649,3889.703,3332.6956,2898.7584,3812.318,3391.0967,2954.995,3872.4639,3424.2469,2986.7151,3906.8777,3548.6249,3103.7762,4038.5039,3610.2289,3159.821,4105.8295,3550.1387,3107.0329,4037.802,3638.0386,3187.9519,4132.8958,3745.1397,3285.5293,4249.9842,3749.2931,3289.2299,4254.635,3761.7893,3302.2156,4266.4042,3728.6066,3271.2776,4230.8507,3713.7185,3254.4131,4218.6135,3634.6552,3184.258,4129.9504,3677.4027,3228.9314,4169.8271
MSOA,E02002352,6021.0616,5466.4985,6615.5763,6123.8883,5566.6709,6720.7526,6165.6207,5605.9894,6764.982,6146.9915,5588.4288,6745.2525,6183.2682,5623.6972,6782.5208,6535.564,5963.1598,7147.0691,6528.5666,5958.5269,7137.4258,6478.1913,5910.6768,7084.5127,6630.0938,6057.6235,7241.0785,6691.5624,6118.1645,7303.3076,6806.6688,6227.008,7424.9812,6899.3826,6314.5161,7523.0954,6865.1762,6283.8479,7485.0781,6941.6455,6358.1771,7563.5315,6946.5531,6361.2516,7570.6165,6882.1976,6292.6975,7511.4773,6844.0408,6264.0186,7462.7768,6886.3775,6302.1183,7509.5949
MSOA,E02002353,4738.0063,4118.4199,5420.7336,4793.445,4167.1241,5483.3074,4968.3021,4326.4651,5674.3989,4919.2307,4282.7589,5619.7043,4880.6744,4232.4664,5595.5436,5081.1093,4418.7975,5810.168,5162.2691,4495.7277,5895.2549,5278.8585,4596.9121,6028.2053,5431.5241,4746.7814,6182.2816,5458.373,4778.8186,6202.661,5526.5862,4852.4796,6263.9154,5540.4755,4865.5101,6278.6231,5489.6982,4826.5905,6214.5255,5518.0346,4854.9313,6242.3959,5741.636,5066.0332,6478.4112,5795.9955,5120.9738,6531.8115,5888.8644,5209.6985,6628.4531,5979.2084,5295.3465,6723.3914
MSOA,E02002354,6099.5329,5543.7669,6695.2004,6246.8373,5685.5003,6847.8493,6245.4536,5685.4078,6845.0396,6293.5748,5728.1372,6898.9772,6298.9164,5728.1302,6910.3603,6568.1672,5988.9786,7187.4611,6680.7489,6096.2208,7305.4553,6815.9329,6226.0452,7445.9097,6909.681,6315.5362,7543.8786,7053.3039,6453.1874,7693.4361,7046.0743,6448.2026,7683.6561,7083.0557,6482.3075,7723.5888,7058.4119,6457.33,7699.4561,7099.1102,6497.1828,7740.9006,7079.4959,6478.5465,7720.2822,7023.2207,6409.4737,7679.023,7188.4229,6590.428,7825.1292,7153.031,6559.1296,7785.3787
MSOA,E02002356,3354.4035,2948.389,3800.2934,3384.529,2977.3031,3831.5,3481.8117,2987.6439,4033.5015,3447.9742,3034.8515,3901.1692,3478.0274,3064.6199,3931.2908,3564.1188,3144.469,4023.8231,3485.3788,3068.3663,3942.8409,3524.9392,3103.237,3987.5459,3410.9921,2995.4366,3867.7067,3496.4529,3074.5309,3959.726,3554.7718,3130.4083,4020.298,3711.8349,3281.8821,4182.1893,3652.995,3228.3398,4117.7084,3721.1424,3292.6972,4189.5412,3702.0895,3274.1889,4170.0451,3730.7511,3303.0099,4198.2299,3739.6144,3314.7007,4203.5646,3718.8671,3295.6818,4181.0019
MSOA,E02002357,4308.4163,3818.9992,4842.1477,4346.4196,3856.0041,4880.9252,3909.7829,3128.9934,4824.0684,4453.7948,3962.5773,4988.2674,4403.3837,3918.195,4931.2966,4617.0906,4119.8554,5156.9691,4683.122,4183.2384,5225.4008,4780.6151,4277.474,5325.9648,4700.0649,4202.7078,5239.4051,4723.8548,4225.3678,5264.2246,4876.0951,4370.724,5423.2229,5099.8154,4582.4636,5658.9251,5268.207,4741.2227,5837.0729,5286.9891,4761.362,5854.1601,5305.7744,4777.8381,5875.4372,5274.656,4747.9715,5843.0252,5333.523,4801.9257,5907.0786,5360.3216,4829.5733,5932.7902
MSOA,E02002358,5904.4838,5367.8348,6480.062,6007.451,5466.3741,6587.419,6005.9803,5464.1778,6586.7705,6037.3305,5486.4712,6628.1962,6104.3655,5556.7227,6691.0612,6158.2493,5610.9746,6744.1626,6156.1727,5610.7391,6740.0304,6225.3041,5675.4835,6813.6476,6302.5701,5748.4535,6895.3434,6526.7416,5962.8722,7129.1687,6409.0636,5853.3669,7003.077,6471.1329,5908.6168,7072.3547,6571.3468,6008.0048,7172.9349,6684.6172,6118.3978,7288.8545,6752.9305,6184.6568,7359.0965,6495.7323,5936.5765,7093.0447,6600.659,6023.4866,7217.882,6668.1139,6092.1384,7283.5565
MSOA,E02002359,3576.7365,3144.6581,4051.2501,3608.6442,3174.0997,4085.6882,3665.3709,3228.322,4144.7264,3511.2457,3022.2253,4056.2174,3704.4121,3268.7742,4181.6306,3888.8257,3444.0095,4374.8111,3917.544,3472.8993,4403.0379,3986.0422,3537.419,4475.5058,4012.61,3564.2555,4501.4162,3989.6068,3543.9842,4475.4346,3923.7315,3482.2273,4405.3556,3911.7062,3453.1975,4413.7203,3923.8867,3483.9653,4403.6407,3943.0991,3502.7127,4423.2183,3896.1814,3458.7563,4373.2842,3914.8555,3477.9052,4391.0892,3901.4326,3465.7164,4376.3213,3874.9673,3442.4091,4346.4141
MSOA,E02002360,5251.247,4650.0966,5907.1231,5282.6813,4684.1103,5935.1612,5261.4865,4665.4082,5911.2491,5177.0528,4585.5106,5822.446,5381.4735,4774.4642,6042.959,5503.7053,4892.262,6169.0819,5606.897,4994.2169,6272.8107,5612.2433,4998.7547,6278.948,5660.5937,5046.4464,6327.4957,5752.0852,5133.1103,6423.8053,5864.6999,5239.5379,6542.5511,5909.7859,5284.6037,6587.2538,5710.9345,5099.7114,6374.0774,5824.9968,5208.257,6493.555,5857.2456,5240.8096,6525.0786,6006.6204,5371.7998,6694.6143,5758.3488,5147.0697,6420.9875,5764.0218,5153.4752,6425.7873
MSOA,E02002361,4696.9171,4102.5424,5350.4148,4851.3488,4246.7153,5514.9943,4839.4644,4232.2019,5506.3672,4903.1081,4291.2241,5574.9607,4813.8695,4207.7999,5479.9678,4922.128,4312.8735,5590.4793,4994.0719,4382.7537,5664.0892,5103.8494,4479.7095,5787.7997,5160.306,4531.7364,5849.1104,5293.8968,4661.029,5986.1195,5430.1245,4788.7901,6131.0395,5336.4034,4696.4221,6036.6382,5358.4258,4721.0401,6055.1369,5504.649,4861.5597,6206.3881,5577.6419,4931.0407,6282.7896,5615.023,4967.8875,6320.5448,5541.7215,4895.1934,6247.1062,5583.0175,4936.3661,6288.0115
MSOA,E02002362,5370.2436,4820.9894,5963.7045,5427.951,4874.9744,6025.3079,5366.0461,4814.2051,5962.6857,5493.0264,4934.9257,6095.9821,5578.4077,5012.3803,6189.9271,5833.4719,5257.0422,6454.9044,5839.6969,5262.4717,6461.9869,5979.1268,5392.0673,6611.6549,6030.2776,5440.9147,6664.9895,6145.5116,5549.7089,6786.6886,6189.8664,5587.8477,6837.7914,6342.3543,5731.4245,6999.2851,6385.7965,5774.1225,7043.1304,6401.1031,5789.905,7057.8697,6249.982,5648.4461,6896.7552,6225.5866,5622.4028,6874.3591,6299.0996,5688.4412,6955.8538,6206.7157,5603.9744,6855.1273
MSOA,E02002363,4780.5476,4198.0103,5418.9085,4860.0064,4273.7156,5502.0366,4820.0629,4241.9063,5452.7577,4749.2505,4159.6262,5395.9508,4706.5493,4111.0103,5361.2002,4909.6094,4316.7709,5558.4798,4960.3345,4374.0759,5600.7522,5070.6396,4479.4853,5715.6096,5101.8453,4505.7398,5752.3157,5116.7662,4525.1546,5762.0414,5138.0074,4548.4683,5780.7362,5197.0675,4604.377,5842.9492,5187.3481,4595.7553,5832.1272,5187.9087,4594.4558,5834.8096,5291.7974,4698.2835,5937.8421,5113.4798,4531.006,5748.5058,5346.5159,4748.9156,5996.8285,5386.2241,4789.2226,6035.4429
MSOA,E02002364,6640.2696,5934.9939,7404.5295,6567.6967,5868.8375,7325.1834,6627.7746,5923.8053,7390.6188,6738.1734,5988.6458,7553.2591,6749.7508,6035.7969,7522.9623,6787.7831,6075.5647,7558.7612,6952.8323,6235.6337,7728.1692,6836.4378,6132.581,7597.4338,6870.798,6163.4816,7635.4516,7112.4643,6397.2194,7884.3176,7315.2878,6591.6148,8095.1588,7385.8471,6654.7711,8173.5461,7420.1209,6689.7255,8206.7172,7429.6829,6700.881,8214.4176,7457.9419,6729.6095,8241.8837,7634.3294,6895.9253,8428.4722,7632.6381,6895.572,8425.3419,7589.4661,6861.3764,8372.1745
MSOA,E02002366,6836.5356,6236.3228,7478.2655,6808.078,6211.4906,7445.8449,6934.7525,6334.698,7575.6705,7168.1614,6532.4466,7848.2731,7004.1219,6399.8479,7649.4628,7195.7469,6585.4862,7846.7396,7350.8785,6736.9498,8005.1146,7428.8192,6813.5562,8084.1725,7630.665,6998.5769,8303.9785,7774.6233,7149.3037,8439.5156,7842.917,7213.3728,8512.1257,7948.6019,7315.8152,8620.9456,8120.5434,7485.5003,8794.549,8186.3804,7550.1696,8861.3992,8150.08,7513.0217,8826.2899,8243.6665,7602.7715,8923.6553,8364.0424,7718.6184,9048.5791,8269.6815,7629.9877,8948.2041
MSOA,E02002367,7079.9534,6282.3928,7947.6261,7159.155,6360.5336,8027.2806,7151.2908,6356.9438,8014.5421,7204.5271,6382.821,8099.0857,7269.4678,6451.5758,8159.0175,7541.0326,6711.5196,8441.4573,7674.6328,6857.0966,8560.0238,7849.2242,7030.1965,8734.9338,7889.4004,7072.3238,8772.4271,8088.3345,7264.947,8976.8,8051.4149,7235.9563,8931.0612,8263.7935,7436.9485,9154.7635,8174.3284,7349.271,9063.6274,8183.2456,7357.7181,9072.8807,8454.7816,7613.3967,9360.4902,8345.3918,7513.8646,9240.4891,8543.4569,7700.1457,9450.8286,8562.3446,7723.2858,9464.7401
MSOA,E02002368,3868.9403,3424.466,4354.7067,3796.6221,3357.4766,4276.8752,3859.8609,3415.4646,4345.6199,3872.353,3427.7719,4358.1586,3981.401,3534.0243,4469.2854,4133.402,3679.1947,4627.7417,4186.7214,3728.3343,4685.4727,4350.3224,3882.4764,4858.618,4342.209,3874.7514,4850.1489,4325.2514,3861.0897,4829.4787,4406.1907,3939.2853,4912.8828,4389.1217,3923.9895,4893.8896,4366.987,3902.1568,4871.6173,4400.1978,3923.258,4918.784,4346.1529,3885.5089,4846.1127,4340.3046,3880.1354,4839.7491,4320.6494,3864.9838,4815.0212,4340.8445,3885.179,4835.0339
MSOA,E02002369,6496.5651,5855.8181,7187.5428,6532.3595,5890.5064,7224.3948,6543.9088,5900.4541,7237.6708,6807.1629,6084.4116,7590.7337,6835.2607,6172.4032,7549.056,6894.4627,6228.8186,7610.9952,6933.1716,6263.2158,7654.2796,7133.5106,6453.8461,7864.288,7226.6016,6534.0247,7971.5895,7214.7408,6530.3939,7950.2353,7265.1733,6582.0289,7998.9415,7401.3593,6709.4281,8144.2582,7505.9055,6807.4488,8255.4454,7663.4107,6955.1604,8423.0383,7750.7189,7036.4835,8516.5271,7940.5679,7219.3314,8713.1788,8053.0472,7330.906,8825.8948,8055.7216,7334.9053,8826.9868
MSOA,E02002370,6067.0673,5419.6697,6769.6321,6006.0571,5362.6056,6704.5147,6300.1432,5639.1646,7016.4012,6383.0488,5711.2674,7111.0994,6677.1223,5988.4209,7422.2239,6775.7343,6084.6117,7522.8814,6796.9139,6104.9749,7544.8628,6687.3642,6000.8579,7429.9262,6728.2502,6043.2978,7468.7269,6839.6782,6150.321,7584.2831,7070.3366,6367.9893,7827.9682,7245.6988,6536.27,8010.1465,7325.6538,6615.4815,8090.3998,7391.7851,6676.9316,8161.43,7343.1229,6631.3749,8109.4243,7253.3053,6545.6248,8015.5098,7192.9767,6492.1291,7947.7515,7327.3183,6625.2967,8082.5327
MSOA,E02002371,9812.2253,9086.4,10578.7779,9734.4121,9015.656,10493.3584,9772.8038,9051.0322,10534.8224,9901.1557,9131.8251,10715.7277,9949.5197,9175.9487,10768.5118,10256.336,9479.6365,11077.4974,10018.0529,9283.8379,10792.9841,10549.694,9801.0559,11338.394,10709.3719,9959.9753,11498.3445,10949.6515,10198.6919,11739.4112,11127.3366,10369.5894,11923.8219,11263.9941,10498.7218,12068.2756,11214.4673,10450.1246,12017.817,11286.4902,10518.5324,12093.5037,11337.3872,10566.8265,12147.0459,11454.727,10678.925,12269.7357,11454.0689,10680.3442,12266.7624,11443.9659,10667.7199,12259.3077
MSOA,E02002373,4534.7483,3628.5906,5581.813,4409.4074,3515.875,5442.5979,4437.0553,3541.3823,5472.0051,4389.5887,3499.3958,5421.1186,4401.2218,3510.3989,5433.4817,4600.4962,3703.7091,5635.331,4851.938,3931.9441,5905.7275,4938.3407,4019.3067,5989.2666,4932.944,4034.1321,5958.5454,4960.6845,4056.2667,5993.2257,5075.4745,4155.293,6123.8426,4995.129,4086.6462,6029.136,4736.3139,3845.8302,5756.8865,4801.8981,3903.5974,5828.555,4887.6448,3983.0659,5920.37,4767.5857,3872.8225,5790.1996,4663.5717,3798.9361,5651.2208,4575.4405,3707.1042,5567.8515
MSOA,E02002374,5795.9718,5138.5284,6512.7314,5733.1908,5078.4492,6447.3223,5671.2692,5022.4143,6379.1925,5860.2056,5196.8221,6583.1246,5914.7189,5244.7228,6645.1637,6036.0991,5363.3105,6768.435,6088.516,5408.5991,6828.6111,5993.9437,5317.1653,6731.3532,5990.6983,5315.5582,6726.217,6130.8647,5449.5682,6872.1541,6169.2561,5485.2157,6913.4292,6300.8855,5608.067,7054.2009,6483.2921,5781.9973,7244.925,6563.7658,5856.4654,7331.5305,6499.463,5800.5312,7258.0483,6549.1775,5843.5041,7315.0798,6529.2493,5825.2273,7293.4553,6662.9263,5955.3402,7429.9636
MSOA,E02002375,5759.1182,5000.2441,6596.214,5796.6762,5038.1637,6632.6621,5777.3122,5023.5174,6607.9249,5954.6036,5129.5862,6869.0931,6035.5933,5285.0257,6858.9648,6186.5767,5424.7545,7021.4031,6269.1651,5509.3137,7100.6942,6217.386,5465.3711,7040.616,6265.1488,5516.0161,7084.5406,6446.536,5685.3334,7278.1904,6513.9799,5751.0309,7346.7638,6564.2095,5800.0676,7397.7896,6604.4306,5842.7694,7434.8108,6557.1966,5800.4523,7382.0953,6629.2455,5865.8029,7461.3243,6616.3114,5853.1751,7448.2998,6908.1344,6094.0724,7796.0379,6753.7232,5963.3781,7615.5024
MSOA,E02002376,8810.0253,7943.1148,9742.6224,8865.8392,8004.4872,9791.7269,9015.1595,8148.0952,9946.4767,9054.7678,8170.5413,10005.5737,8930.1309,8061.1711,9863.9565,9221.5148,8334.4447,10173.8485,9418.8785,8520.0826,10382.9499,9455.1979,8548.4351,10428.0457,10132.5721,9078.2879,11271.1133,9528.5691,8616.8161,10506.4619,9865.9418,8933.2593,10865.0602,10021.1443,9082.6824,11025.718,10122.5661,9181.2328,11129.7109,10215.1397,9267.6127,11228.6272,10449.7645,9492.7295,11472.5141,10488.6803,9531.3793,11511.5777,10649.5631,9687.8278,11675.8082,10658.3979,9701.6493,11679.005
MSOA,E02002377,14040.8634,12832.0928,15325.0665,14372.9716,13146.7535,15674.5492,14757.975,13502.1358,16090.1047,15345.4612,14046.4325,16723.4041,15476.4955,14176.7865,16854.5847,15467.8659,14163.4146,16851.3027,15357.0668,14061.3131,16730.2163,15530.0507,14229.4488,16907.5505,15918.6333,14564.908,17353.0257,15468.3969,14187.6505,16824.4014,15797.7141,14487.7566,17184.2364,15882.5026,14577.2702,17263.282,16141.4938,14820.5731,17538.2513,16176.0397,14847.3996,17580.9597,16272.7928,14941.2543,17680.1145,16122.1992,14795.064,17525.0306,16198.1466,14872.3536,17598.8052,16026.9313,14717.6464,17410.045
MSOA,E02002379,7010.5112,6157.7104,7944.7097,7066.2277,6204.7754,8009.7409,7037.5991,6174.0157,7983.9384,7159.6619,6285.3868,8117.3844,7136.6704,6272.7016,8082.2969,7270.6354,6396.4215,8226.8395,7325.3747,6447.0094,8285.8055,7188.7516,6323.7084,8135.2377,7405.3507,6522.6797,8370.0226,7353.8085,6480.0756,8308.5597,7429.6382,6550.9862,8389.6124,7473.5668,6594.5236,8433.5162,7503.2862,6615.8751,8472.5249,7524.584,6642.9891,8487.0217,7716.2392,6820.5646,8693.1581,7544.7705,6657.3809,8513.5343,7657.2411,6761.8859,8633.6661,7708.3167,6818.0755,8678.1733
MSOA,E02002380,4745.5968,4181.3105,5364.3953,4776.7834,4208.771,5399.6679,4686.6557,4125.5383,5302.4248,4620.0749,4048.6447,5249.0931,4681.826,4120.1349,5298.3379,4841.7319,4269.7933,5468.5883,4852.8184,4280.4441,5480.0425,5057.292,4473.8176,5695.3843,5054.0361,4472.7365,5689.5434,5189.6825,4601.8082,5831.4652,5222.039,4634.4893,5863.0762,5332.1706,4736.3396,5981.8548,5525.1494,4920.066,6183.7876,5540.2242,4933.667,6200.4666,5572.6115,4965.2328,6233.4742,5546.9976,4938.0218,6209.9652,5703.5976,5090.7903,6369.5619,5620.1947,5013.4074,6279.9666
MSOA,E02002381,5499.4196,4850.4631,6209.008,5393.9042,4752.9529,6095.2003,5539.5746,4889.5744,6249.7344,5485.4033,4839.842,6191.2792,5705.2481,5044.6787,6426.1711,5762.4224,5098.9992,6486.1313,5796.3759,5131.0513,6522.0503,5904.696,5233.4477,6636.1857,5929.6804,5261.4917,6657.6261,5944.3656,5277.0904,6671.1086,5921.3032,5254.5443,6647.6912,5981.4752,5313.5066,6708.7679,6146.3209,5468.6973,6883.1146,6117.2303,5440.1092,6853.8759,6303.1508,5619.5583,7045.4632,6390.9416,5699.4723,7141.5218,6487.6014,5794.3548,7239.4581,6452.7826,5770.4908,7192.312
MSOA,E02002382,9849.3188,8723.527,11067.8528,9882.6043,8765.6955,11090.0531,9994.1581,8877.7482,11200.2946,10031.9621,8898.5774,11256.9586,10086.3896,8933.0042,11334.6492,10508.6318,9330.3859,11781.5741,10604.2198,9418.8774,11884.2932,10738.4983,9552.8763,12017.6998,11821.5305,10343.1645,13432.5729,10726.8432,9548.6083,11996.5758,10906.2888,9711.489,12193.1434,10644.6109,9461.0713,11920.0601,10337.4973,9190.2741,11573.4578,10524.6819,9373.4897,11763.8825,10670.2932,9495.4383,11934.6211,10648.5526,9449.3714,11940.2469,10435.39,9258.0182,11704.1925,10736.9435,9536.041,12030.0107
MSOA,E02002383,9291.5001,7747.9411,11027.4803,9633.9245,8060.9805,11401.021,9621.166,8074.5448,11356.2414,9814.4345,8235.3136,11584.1548,10081.1021,8472.6708,11883.6706,10394.8927,8761.7815,12217.5487,10814.6249,9109.5584,12716.4491,10982.901,9238.6609,12928.4193,10942.5128,9205.1006,12880.4152,11216.7413,9454.0885,13171.5313,11123.0056,9362.3746,13074.5749,10745.4253,8977.2375,12708.8768,10773.7224,9011.6832,12734.0347,10653.812,8882.0617,12626.0264,10835.13,9064.7939,12803.5929,10876.0335,9078.2126,12873.978,11005.9652,9203.9056,13011.9182,10922.6443,9134.079,12914.703
MSOA,E02002384,6647.2225,5889.1821,7470.1686,6803.755,6038.3612,7633.6569,6809.5893,6039.6184,7644.1532,6882.8362,6098.716,7733.2493,7160.4912,6354.1723,8033.9368,7510.1126,6687.0107,8399.0882,7627.6032,6802.1306,8517.7879,7639.0312,6819.856,8522.1607,7861.2632,7029.4893,8757.5444,7842.266,7016.9217,8731.4503,7905.0548,7072.1454,8802.2206,7715.5313,6888.6502,8607.235,7764.8428,6941.6625,8651.9485,7835.2415,7009.9207,8724.2333,7835.1783,7008.721,8724.8994,8081.6283,7243.5628,8982.8763,8296.2235,7444.5208,9211.194,8307.666,7459.727,9217.9896
MSOA,E02002385,6153.2363,5295.955,7099.4997,6268.7713,5403.4354,7223.3024,6324.0041,5460.8758,7275.0923,6263.2615,5403.1794,7211.5915,6385.0161,5521.4648,7335.7875,6628.7303,5751.3961,7592.7761,6629.8411,5748.1499,7598.8602,6707.2379,5814.9597,7688.0816,6763.5362,5866.8732,7749.5834,7107.5231,6183.3289,8122.2943,7137.691,6211.9556,8153.9656,7281.6052,6346.8574,8306.6533,7350.43,6419.0009,8370.7618,7529.0508,6588.1803,8557.8266,7814.7582,6854.3369,8863.0896,7772.5427,6809.0908,8824.9991,7757.4042,6789.4593,8814.7688,7762.6577,6793.7881,8821.0324
MSOA,E02002386,4096.4784,3709.3986,4512.5239,4168.6434,3778.4375,4587.7303,4151.7424,3764.7288,4567.2634,4112.9053,3726.9219,4527.4917,4259.6398,3867.7785,4679.9602,4412.2314,4012.2825,4840.733,4440.6299,4038.8777,4870.9993,4526.34,4122.2785,4958.7734,4531.549,4128.0571,4963.3113,4653.589,4245.7535,5089.5163,4623.2456,4216.5102,5058.1449,4672.0318,4263.5867,5108.5519,4650.611,4244.2255,5084.9299,4674.0852,4267.1763,5108.8187,4727.7335,4318.9621,5164.2569,4708.8431,4299.6722,5145.9357,4716.3612,4312.1693,5147.8556,4748.9842,4344.6052,5180.4606
MSOA,E02002387,6362.5662,5645.0086,7144.8637,6462.7201,5741.1057,7248.6451,6456.0106,5734.5114,7241.9219,6402.9476,5632.6087,7247.7042,6600.8869,5873.2071,7392.644,6717.987,5986.402,7513.1368,6863.8718,6122.6527,7668.864,6970.1205,6222.1452,7782.0372,7131.5587,6377.8644,7948.6764,7248.8357,6488.0409,8073.0637,7224.922,6464.2431,8049.3163,7393.4969,6625.3083,8225.0628,7579.6285,6802.8256,8419.5837,7638.8147,6860.6998,8479.8249,7605.4716,6824.5106,8450.0152,7460.4888,6683.9914,8300.9537,7332.4996,6565.3822,8163.0956,7213.125,6454.3745,8035.0421
MSOA,E02002388,6348.3055,5689.5558,7060.61,6385.5907,5726.2229,7098.2554,6417.215,5755.9091,7131.746,6542.5148,5788.702,7364.3386,6563.2163,5886.4678,7294.1257,6901.1652,6198.4199,7659.0016,6922.4879,6219.1539,7680.8849,6870.8117,6175.04,7620.9811,6975.0943,6277.8405,7726.2096,7208.3447,6498.4803,7972.2012,7208.142,6497.6769,7972.5762,7332.6024,6617.8653,8101.0899,7365.8156,6648.2814,8137.1102,7314.5567,6599.4586,8083.2989,7392.2216,6670.6005,8167.8426,7320.0038,6602.8022,8091.0742,7237.8623,6547.0594,7979.7947,7224.3971,6535.0976,7964.5922
MSOA,E02002389,6371.7687,5714.1383,7083.1757,6362.6108,5709.1741,7069.3251,6437.0007,5782.4985,7144.4065,6521.9754,5860.7741,7236.5453,6689.1743,6036.0616,7392.8715,6903.8013,6239.9675,7618.1261,7064.5795,6391.4536,7788.3896,7031.7813,6368.1517,7745.1941,7131.5039,6360.4472,7969.7773,7315.6009,6639.9445,8040.8487,7415.8395,6735.7968,8145.3858,7442.5388,6758.9771,8175.977,7482.003,6794.932,8219.1478,7368.9102,6686.8419,8101.0999,7387.5899,6705.1178,8120.0351,7560.8978,6867.3642,8304.7997,7595.0375,6902.4732,8337.4952,7683.7258,6990.1297,8426.8384
MSOA,E02002390,5433.7212,4830.5044,6090.6969,5582.5924,4971.9759,6246.7966,5593.385,4980.9396,6259.5786,5601.8615,4989.8038,6267.6334,5609.9572,5001.3632,6271.6053,5652.5405,5044.3977,6313.177,5622.3095,5014.4376,6282.9102,5768.4611,5156.6547,6432.2368,5830.4427,5211.1409,6502.4338,5935.1,5312.2806,6610.1678,6112.6497,5478.7444,6799.0104,6133.7052,5498.0455,6821.9655,6148.6627,5514.4161,6835.1582,6153.3359,5519.1867,6839.726,6141.2726,5510.6792,6823.66,6124.6056,5497.1041,6803.5711,6104.8204,5478.5163,6782.4147,6020.1367,5400.1829,6691.0861
MSOA,E02002391,4646.0399,4142.2003,5193.5843,4612.9237,4109.6879,5160.1021,4661.1706,4154.9934,5211.3277,4735.8375,4225.7063,5289.8594,4801.8412,4286.7852,5360.9979,4884.9639,4365.4515,5448.467,4999.4153,4478.8552,5563.1164,4957.6292,4438.4682,5520.0108,4989.5425,4470.3178,5551.7328,5125.6116,4599.3763,5694.6908,5281.2152,4746.2887,5859.0733,5361.927,4824.1493,5942.385,5406.5714,4870.5559,5984.6642,5539.7812,4987.432,6135.7863,5499.1466,4958.9484,6081.3504,5494.0068,4952.1595,6078.1005,5502.2754,4963.776,6082.4823,5393.1637,4861.2442,5966.6703
MSOA,E02002392,7247.5518,6000.0188,8646.613,7586.1786,6306.2203,9021.6036,7684.9701,6369.0974,9159.1734,8013.8579,6620.0604,9574.328,8204.606,6791.7863,9787.4213,8504.7152,7046.0466,10132.1931,8705.7869,7229.1844,10348.9996,8549.0611,7071.7077,10195.446,8565.1709,7086.4511,10214.5289,8481.1022,7019.0301,10113.8609,8628.6451,7148.3382,10280.7619,9086.4079,7549.3862,10799.288,8527.2262,7084.5669,10136.3625,8630.9476,7187.187,10238.062,8541.3334,7116.2871,10128.0632,8585.7826,7161.8626,10171.7086,8452.0053,7039.2246,10025.9752,8479.2942,7061.2033,10056.9556
MSOA,E02002393,7640.0473,6807.9999,8540.1339,7772.8861,6943.0063,8669.7493,7760.7703,6924.9233,8664.4714,7644.0412,6798.0249,8560.1703,7786.6941,6941.3589,8700.5547,7961.9741,7109.654,8882.3152,8171.5146,7297.5313,9115.0535,8012.7379,7154.6318,8938.6661,7916.6459,6935.6749,8985.5,8198.5644,7330.3232,9133.9637,8257.7083,7382.3611,9200.6743,8353.8134,7470.8046,9304.4149,8410.7323,7534.5926,9352.7603,8618.2856,7729.4684,9573.1277,8570.9369,7688.7721,9518.5529,8625.2216,7738.0666,9577.7244,8737.9778,7844.0347,9697.2246,8772.5463,7883.5023,9726.1576
MSOA,E02002394,6435.4075,5700.4873,7235.3742,6634.7565,5888.183,7446.1971,6664.1742,5923.084,7469.0263,6867.2892,6112.8528,7685.8105,7048.3868,6275.9688,7885.9049,7220.4421,6437.8945,8067.8427,7188.3725,6387.7695,8057.3066,7056.9649,6293.3981,7883.7165,6844.9008,5888.6735,7905.9008,7132.4497,6369.2375,7957.7995,6924.4095,6170.2452,7741.0745,7112.7219,6343.4005,7944.8612,7132.2538,6360.6862,7966.915,7404.0439,6619.2281,8251.3189,7278.7042,6497.5217,8122.3178,7084.4897,6313.5959,7917.9648,7167.6359,6393.5002,8003.9014,7048.7304,6287.1028,7871.7448
MSOA,E02002395,5353.5821,4746.0785,6016.7942,5352.5608,4747.9146,6012.4511,5441.5833,4832.6016,6105.6068,5589.3214,4965.0565,6269.8093,5868.5806,5226.2584,6567.5599,6064.9518,5418.4954,6766.7598,6075.2432,5427.801,6778.0326,6326.1761,5667.1388,7040.1623,6413.7881,5752.4879,7129.7287,6581.1457,5911.6944,7304.9432,6688.1936,6011.9849,7418.9044,6755.2422,6078.2298,7486.2849,7016.3311,6326.9776,7759.653,6651.7926,5567.6893,7882.1578,7063.3884,6381.1343,7798.0029,7214.1831,6523.355,7957.6223,7223.1315,6532.7793,7965.8585,7160.5756,6475.7397,7897.3678
MSOA,E02002396,5280.1208,4746.3924,5856.385,5273.7377,4738.4148,5851.903,5366.5767,4827.4802,5948.3402,5431.9146,4871.3706,6038.0958,5405.6637,4860.8015,5993.8886,5678.2134,5126.6784,6271.859,5770.9586,5217.1237,6366.5476,5914.5206,5355.7351,6514.7645,5941.6078,5380.7613,6543.9651,5994.6223,5434.1889,6596.0927,6199.1488,5626.8353,6812.7399,6304.54,5726.5967,6923.8363,6305.6905,5735.3359,6916.3575,6447.0016,5868.9012,7065.4752,6473.1919,5895.4035,7091.202,6415.7463,5841.0473,7030.6243,6465.9367,5893.8722,7077.4879,6525.2347,5951.1806,7138.7061
MSOA,E02002397,5410.5361,4868.9009,5995.458,5480.9271,4937.1293,6067.8234,5543.2429,4996.3662,6133.225,5518.5631,4971.4838,6109.001,5541.3009,4992.3096,6133.8023,5769.8615,5208.8689,6374.4188,5815.0361,5254.2616,6418.9598,5819.8542,5260.0519,6422.6192,5827.2375,5268.6325,6428.5477,5830.8801,5274.6572,6429.4091,5808.6113,5254.5684,6404.8483,5781.1615,5229.698,6374.6226,5690.6618,5143.8012,6279.4919,5795.5751,5240.5465,6393.0901,5819.4139,5267.8637,6412.7029,5805.9827,5256.4445,6397.0551,5808.5567,5258.0712,6400.7004,5777.9344,5228.1648,6369.4133
MSOA,E02002398,4334.5267,3901.1872,4802.5468,4287.9567,3856.9711,4753.6301,4275.1102,3844.2551,4740.692,4224.0714,3795.4601,4687.4774,4244.1568,3815.8733,4706.9598,4374.3609,3940.7229,4842.3194,4413.8801,3978.121,4883.9862,4414.4649,3981.0559,4881.8506,4379.1963,3944.716,4848.0637,4626.5485,4181.6334,5105.5211,4718.7878,4269.022,5202.6328,4728.7084,4278.4799,5213.0512,4731.0668,4282.7805,5213.1498,4781.0948,4330.8965,5265.0237,4739.9826,4291.5008,5222.2336,4781.6707,4332.2192,5264.7553,4734.0413,4287.3602,5214.2724,4654.5152,4211.8259,5130.7052
MSOA,E02002399,6260.0869,5558.5388,7023.9414,6307.3158,5605.5764,7070.9533,6294.8767,5595.6408,7055.6853,6247.7653,5553.0918,7003.9231,6388.1894,5691.2305,7145.7046,6278.7393,5589.525,7028.2363,6294.3721,5588.7297,7062.9016,6212.3356,5525.3869,6959.4697,6186.47,5489.5361,6945.6229,6256.7489,5568.2462,7005.1722,6266.8753,5575.8499,7017.9414,6375.9974,5676.4586,7135.9191,6591.4607,5883.8955,7358.5676,6760.9506,6038.854,7543.0713,6762.4369,6047.3186,7536.6424,6852.6034,6135.5048,7628.5142,6865.6264,6148.5827,7641.3052,7024.8132,6297.903,7810.5642
MSOA,E02002400,6759.4316,6066.5771,7507.8925,6824.8442,6126.9658,7578.4961,7069.6361,6358.4495,7836.6509,7030.2539,6314.2292,7803.3426,7095.1669,6374.7294,7872.7024,7330.7461,6602.8891,8114.8286,7475.1698,6738.4777,8268.1095,7513.9272,6774.9314,8309.1308,7765.5629,7010.5813,8577.1106,7815.0009,7059.5106,8626.7488,7885.2763,7122.412,8704.8091,7948.0751,7178.5237,8774.7225,7925.5374,7154.4228,8754.2138,7837.3298,7070.3499,8661.8458,7879.6977,7107.9661,8709.179,7849.4886,7082.5063,8673.7243,7714.5523,6950.3947,8536.4651,7705.0596,6941.4907,8526.3392
MSOA,E02002401,6500.7086,5760.8939,7306.5705,6505.304,5775.8165,7299.357,6516.9994,5786.2784,7312.3952,6698.9649,5960.1365,7502.3078,6766.4101,6030.2502,7566.0106,6914.4659,6171.33,7720.9272,6997.5745,6246.1853,7812.8909,7073.1434,6318.8704,7890.9872,7258.579,6489.5327,8092.1408,7524.3864,6747.0908,8364.9662,7645.7066,6859.3592,8495.6147,7686.8794,6893.3123,8544.499,7686.9969,6903.8896,8532.7771,7653.2993,6869.566,8500.0218,7702.825,6921.833,8546.0586,7685.8332,6911.0986,8522.1391,7757.2979,6981.9402,8593.6867,7784.7786,7011.3882,8618.7166
MSOA,E02002402,3974.1516,3485.8014,4511.0784,3919.1949,3433.7786,4453.3165,3902.4646,3422.1545,4430.6546,3968.2043,3474.4086,4511.2242,4099.0398,3601.3184,4645.5411,4017.6584,3530.4969,4552.6649,4040.8192,3552.8484,4576.5148,4222.7164,3720.0935,4773.5048,4059.1496,3569.4422,4596.6522,3975.7716,3494.897,4503.775,4075.5886,3591.3948,4606.2749,4172.5174,3679.039,4713.004,4122.7564,3634.2855,4657.8507,4198.7373,3707.3513,4736.4763,4196.1292,3703.3891,4735.5313,4142.0686,3655.0426,4675.2155,4192.173,3705.0606,4724.9704,4217.7561,3730.0513,4750.9407
MSOA,E02002403,4692.6315,4189.2468,5239.1175,4707.8698,4204.9771,5253.6159,4747.086,4241.9199,5295.0954,4897.4571,4384.0203,5453.703,4969.9692,4452.8981,5529.8921,4933.3275,4420.4604,5488.6342,4902.0105,4393.3259,5452.6628,4993.8615,4481.8746,5547.5323,4969.644,4461.1192,5519.3913,4999.2319,4489.5827,5550.0173,5062.1709,4548.8448,5616.6369,5053.4203,4465.8347,5695.9039,5164.6164,4644.8532,5725.7448,5209.0992,4688.5896,5770.692,5286.0069,4761.0034,5852.1121,5305.3279,4780.7194,5870.8387,5329.9399,4806.512,5893.9081,5368.6334,4845.0396,5932.4632
MSOA,E02002404,5286.0782,4628.7102,6007.2099,5446.9626,4776.9182,6181.2163,5420.2776,4752.251,6152.5776,5496.1304,4813.9222,6244.6477,5651.6319,4957.5657,6411.814,5807.5664,5110.3671,6569.7813,6020.2045,5295.4876,6812.2483,6132.6877,5416.8397,6913.0069,6289.1559,5564.479,7078.1934,6394.2225,5672.5551,7178.4897,6351.874,5630.6163,7135.903,6503.2015,5773.6727,7295.2952,6586.2065,5849.8194,7385.7467,6688.3268,5949.0023,7490.1571,6753.7818,6011.2507,7558.5082,6609.3486,5876.89,7403.6357,6480.9627,5754.7912,7268.5279,6608.3362,5878.8728,7398.4361
MSOA,E02002405,4534.4205,4022.0478,5093.5216,4638.0535,4119.915,5202.9398,4566.7002,4054.5129,5125.3466,4583.2035,4071.2838,5141.3922,4711.6208,4194.9072,5274.0678,4783.959,4266.3834,5346.6541,4816.2848,4298.5137,5378.8953,4952.9628,4428.7257,5521.8721,4915.1619,4393.961,5480.847,4962.7681,4440.3742,5529.3968,5094.4219,4564.9526,5668.1722,5185.3583,4653.3058,5761.3064,5215.102,4682.7607,5791.1029,5300.2403,4701.6746,5953.4946,5119.4757,4595.5305,5686.4553,5214.6367,4687.1736,5784.8576,5179.0001,4658.3961,5741.5049,5222.5796,4701.8114,5784.9087
MSOA,E02002406,4738.268,4204.6016,5316.8425,4774.3574,4243.5175,5349.3233,4797.2916,4265.2587,5373.4162,4787.7821,4267.2235,5351.288,4846.0891,4319.5164,5415.6584,4937.7038,4427.2925,5489.0214,4849.2985,4354.8412,5383.3834,4894.8814,4391.1622,5438.8008,4842.8171,4352.5627,5372.0882,4830.7277,4348.8341,5350.761,4901.1677,4417.6529,5422.5872,4980.0541,4462.6385,5540.35,4936.4112,4452.2666,5458.3032,4965.8753,4478.4824,5491.2181,4956.2972,4471.2552,5479.0059,5067.7692,4576.8941,5596.3171,5091.7992,4603.7325,5616.9409,5136.0112,4645.3434,5663.7172
MSOA,E02002407,5792.8413,5104.7888,6544.8146,5703.5582,5023.1898,6447.6146,5675.1141,4995.1994,6419.042,5697.1421,5009.0377,6450.4093,5607.8255,4928.8717,6351.5838,5886.9915,5190.3383,6648.4866,5879.7626,5184.6044,6639.5017,6167.1608,5454.512,6944.3363,6249.9342,5535.4483,7028.5418,6460.248,5733.4345,7251.1712,6671.2185,5927.8162,7479.5347,6681.3361,5934.7419,7493.1229,6746.1868,6004.1619,7552.0541,6693.2578,5953.2618,7497.1289,6842.45,6098.0221,7650.1127,6791.856,6051.5016,7595.1987,6927.3822,6172.8506,7745.9058,7013.9442,6256.0717,7835.493
MSOA,E02002408,4996.6205,4474.3907,5562.459,5079.7047,4557.1566,5645.1725,5198.6497,4671.509,5768.3993,5160.3993,4635.8484,5727.4719,5304.3831,4775.5049,5875.2353,5469.9024,4936.6031,6044.6158,5416.5873,4885.8377,5988.8326,5528.3331,4991.6023,6106.6894,5541.2793,5003.7971,6120.3903,5732.3779,5187.0454,6319.083,5671.8492,5130.4987,6254.4272,5870.4054,5318.5929,6463.6129,5830.3247,5282.1519,6419.6195,5848.3931,5292.0986,6446.9454,5837.7569,5293.3302,6422.7244,5852.3608,5307.2299,6438.0354,5876.7819,5332.2518,6461.5666,5861.0287,5318.1436,6443.9986
MSOA,E02002409,5089.5112,4510.1317,5722.0202,5142.3033,4559.7016,5778.0383,5040.5764,4464.9465,5669.1867,5164.5662,4577.5563,5805.4053,5030.9029,4457.9639,5656.4774,5251.3732,4665.095,5890.3599,5525.5109,4924.1335,6179.4884,5741.5233,5125.1365,6410.7719,5704.2222,5093.517,6367.3864,5955.2546,5330.9867,6631.9734,5890.2316,5269.8212,6563.0123,6080.4649,5450.3976,6762.592,6284.239,5640.7077,6980.0879,6319.5896,5672.7865,7018.9002,6466.5385,5814.0333,7171.2643,6535.116,5878.7393,7243.803,6482.7381,5828.6227,7189.2031,6367.1666,5723.3099,7062.6973
MSOA,E02002410,4885.6731,4338.8796,5481.5387,4977.8901,4426.8315,5577.8897,5103.9529,4545.7876,5711.0205,5031.8271,4476.861,5635.8283,5080.1084,4525.393,5683.3425,5374.2443,4806.6966,5989.6254,5510.3931,4933.9191,6134.9321,5479.0206,4907.7223,6097.88,5591.1932,5015.1819,6214.5856,5731.3987,5146.6396,6363.7665,5776.5014,5186.0581,6415.0863,5925.3652,5329.3308,6569.168,6075.4117,5474.7048,6723.4024,5995.2895,5403.6606,6633.4244,5994.5444,5404.5334,6630.8088,6027.5288,5436.7434,6664.5037,6029.1797,5441.588,6662.4018,6036.9891,5451.4445,6667.885
MSOA,E02002411,7214.6994,6387.6208,8115.1068,7390.96,6559.3322,8294.7259,7465.3815,6626.1756,8377.1445,7506.6726,6666.0286,8419.5271,7556.1117,6715.6102,8467.8963,7653.8834,6807.7566,8570.8828,7687.185,6843.2849,8601.2341,7534.4999,6698.1851,8441.1907,7577.3124,6739.0206,8485.7128,7608.153,6764.631,8522.2211,7773.3845,6921.9121,8695.3159,7995.3774,7140.2237,8919.7527,8026.6861,7169.0618,8953.832,8112.9403,7248.8581,9046.9668,8168.0421,7305.2248,9099.7181,8202.1455,7340.8043,9131.286,8222.993,7369.1958,9142.9181,8236.6968,7383.543,9155.9287
MSOA,E02002412,4502.7073,3968.7039,5087.3794,4503.0467,3969.2056,5087.5411,4447.5834,3919.2423,5026.1545,4458.7323,3928.1822,5039.822,4605.2913,4068.768,5191.9418,4866.6892,4317.1149,5465.9359,4913.1102,4361.9407,5513.7446,4982.1984,4427.9846,5585.7185,5117.1414,4555.5001,5728.0723,5398.4406,4820.1566,6026.1597,5368.58,4793.6728,5992.6337,5488.5681,4907.8969,6118.2551,5644.2557,5056.3837,6280.9206,5662.0136,5074.1562,6298.5159,5707.9856,5116.7874,6347.959,5797.4774,5203.8654,6439.4189,5774.899,5181.1647,6417.1849,5841.9173,5244.9464,6487.3504
MSOA,E02002414,7109.5071,6325.1056,7962.7477,7140.5503,6355.0669,7994.7367,7192.1044,6406.0846,8046.3062,7130.925,6346.613,7983.6092,7334.3518,6537.747,8199.495,7790.8753,6966.6105,8684.1815,7875.3899,7051.5696,8767.2789,7964.061,7133.1451,8863.3257,8048.267,7214.7698,8949.723,8089.5882,7254.1422,8992.7579,8255.8084,7413.2715,9165.8694,8443.5796,7599.1162,9354.1547,8445.914,7602.4714,9354.9424,8526.2549,7681.4214,9436.1796,8512.5054,7663.7527,9426.9087,8489.6278,7643.2145,9401.4249,8409.7544,7570.0496,9314.4957,8488.8554,7649.1437,9392.8455
MSOA,E02002415,8931.8069,7838.5482,10117.6395,8993.6182,7903.1892,10176.0929,9196.2841,8088.362,10396.7231,9218.1352,8088.9133,10442.3812,9152.8186,8028.0862,10371.76,9599.7721,8451.0614,10842.6934,9687.0743,8543.2043,10923.4037,10083.6158,8911.8961,11347.5657,10146.8393,8976.0017,11408.7209,10363.4496,9183.9088,11633.6332,10413.7687,9237.5738,11678.9726,10303.8754,9139.9857,11555.9541,10364.2292,9201.9884,11613.5494,10538.6074,9348.6693,11817.1543,10543.1193,9351.4813,11823.0625,10658.8143,9438.2506,11970.0463,10721.8318,9506.4464,12025.588,10687.7624,9485.381,11976.8646
MSOA,E02002416,5149.7037,4645.5223,5692.7811,5172.3776,4664.6971,5719.2754,5214.1823,4705.0037,5762.4891,5374.3539,4857.1052,5930.6963,5443.5117,4921.6723,6004.595,5584.8888,5057.888,6150.8483,5645.1584,5114.6127,6214.691,5801.8263,5264.0169,6378.5141,5815.3953,5277.6854,6391.8871,5924.4003,5382.0834,6505.3903,5998.1327,5451.7202,6583.2937,5902.4179,5337.9106,6509.0126,5920.6624,5379.6084,6500.2563,6029.1301,5484.5047,6612.0808,5959.7368,5420.8564,6536.6213,5957.8448,5417.9398,6535.91,5940.4821,5411.5941,6506.2668,6039.6998,5507.5594,6608.5712
MSOA,E02002417,4952.6172,4346.7092,5618.7953,4858.032,4264.0525,5511.2226,4860.2942,4265.4995,5514.3812,4923.5319,4323.715,5582.7582,5057.9371,4448.723,5726.7338,5093.3024,4484.6869,5760.9528,5070.9699,4467.5653,5732.6657,5215.6064,4601.6632,5888.1489,5296.0589,4678.7375,5971.613,5233.1487,4622.1785,5901.8645,5176.3161,4569.8853,5840.1753,5185.439,4567.5624,5862.8841,5214.9828,4606.1338,5881.0439,5224.4219,4618.1189,5887.4797,5252.8726,4644.6014,5917.9745,5393.2766,4773.3109,6070.6221,5424.8583,4808.9972,6097.0909,5533.0254,4912.5935,6209.4343
MSOA,E02002418,5788.3524,5214.3045,6407.6473,5744.822,5171.6023,6363.472,5664.2102,5097.8771,6275.5522,5687.7149,5120.3348,6300.1246,5679.3782,5108.4331,6295.6359,5814.7353,5239.6001,6434.7722,5908.232,5329.5416,6531.6251,5885.7204,5307.7135,6508.4359,5979.2958,5401.4072,6601.3071,5946.9932,5373.1137,6564.7456,6031.9228,5452.013,6655.9404,6077.201,5488.8756,6710.5617,5996.4336,5418.3172,6618.5213,5992.0527,5415.3635,6612.549,5968.3128,5396.2999,6583.7225,6051.6338,5478.3248,6668.0573,6086.9484,5511.7636,6705.2816,6121.703,5547.9916,6738.0837
MSOA,E02002419,5943.281,5350.9004,6582.3535,5887.0838,5298.7749,6521.8908,5898.5265,5310.0145,6533.5527,5930.7413,5337.4303,6571.0749,6017.0621,5417.065,6664.3515,6147.4303,5545.2969,6796.1999,6197.5519,5590.3771,6851.6914,6362.9436,5746.8486,7026.1389,6369.5378,5752.0498,7034.2326,6413.3937,5797.6869,7075.6944,6506.5572,5884.9871,7174.8131,6563.2944,5941.039,7231.8861,6525.1674,5910.0632,7185.8533,6613.6588,5993.1598,7279.8092,6654.1029,6029.6009,7324.5508,6642.9041,6062.4844,7262.6892,6833.3756,6208.0679,7503.5267,6927.2918,6296.2283,7603.357
MSOA,E02002420,5740.4113,5164.9511,6361.6693,5793.2449,5217.1493,6414.7489,5869.2273,5291.2911,6492.2839,5901.6159,5322.2374,6526.1067,5909.2995,5327.9808,6536.0027,6148.8101,5558.9142,6783.5162,6450.918,5848.729,7097.5706,6493.3415,5888.6563,7142.5147,6535.3538,5928.6886,7186.3367,6629.4312,6020.2424,7282.6077,6753.8111,6137.6493,7413.9614,6729.5831,6115.182,7387.8963,6798.9898,6186.241,7455.1912,6901.7873,6285.7704,7561.0588,6901.1735,6286.2744,7559.1085,6885.7693,6273.5838,7540.7546,6876.0647,6260.1342,7535.3382,6898.1356,6280.7313,7558.8449
MSOA,E02002421,7395.6321,6610.4357,8246.5975,7539.0347,6746.9536,8396.6602,7518.6727,6726.131,8377.0942,7333.7772,6547.8076,8186.0923,7410.8423,6612.9182,8275.9118,7731.6565,6913.3611,8617.5641,8001.6301,7176.5464,8893.2151,8077.8486,7250.4941,8971.6041,8018.761,7198.6969,8904.5481,8141.9574,7319.7969,9029.2779,8155.1026,7335.0882,9039.6633,8137.349,7318.9252,9020.1063,8300.0542,7477.4474,9186.2893,8393.5864,7560.9746,9290.4316,8592.7413,7752.0494,9497.2137,8671.7506,7825.8,9581.5581,8590.2315,7752.4073,9491.2201,8601.7727,7766.2477,9500.0537
MSOA,E02002422,4932.9694,4389.2551,5524.9724,4988.5896,4443.5214,5581.6549,4987.2187,4444.5881,5577.4706,5007.9802,4357.4512,5727.6645,4843.1559,4308.4078,5425.6439,4911.3986,4373.6152,5496.7802,4985.213,4445.1667,5572.4949,5099.7722,4553.8706,5692.7951,5147.7131,4598.62,5743.9728,5107.7002,4561.0097,5701.5033,5153.8869,4604.2353,5750.677,5221.8316,4670.9442,5819.5136,5329.1041,4772.3826,5932.5291,5354.4167,4795.0519,5960.7067,5396.2439,4835.7316,6003.4903,5409.3648,4855.4766,6008.8143,5440.9849,4878.1449,6050.6109,5335.2316,4779.5823,5937.4228
MSOA,E02002423,6507.3361,5802.0461,7273.6049,6652.2003,5937.5597,7427.9326,6644.3584,5930.2847,7419.4753,6714.9072,5997.619,7493.2213,6761.0762,6050.8428,7530.7996,6902.1474,6184.0877,7679.7157,6895.9391,6178.6519,7672.6708,7036.1638,6311.1272,7820.6637,7252.418,6515.8308,8048.6293,7233.4907,6499.9463,8026.2428,7365.1916,6624.0654,8165.5477,7599.24,6847.7524,8409.6397,7536.6329,6789.5132,8342.4812,7662.118,6909.4801,8473.3588,7628.3928,6883.4997,8431.0552,7568.9593,6830.4204,8364.8506,7454.101,6722.2063,8243.2176,7343.7114,6618.7202,8125.6917
MSOA,E02002424,5014.6499,4482.5718,5591.7122,5100.4697,4565.7197,5679.874,5113.0388,4578.6977,5691.7969,4900.5889,4280.2749,5584.4048,5067.5951,4538.8982,5640.1734,5041.6869,4516.238,5610.7476,5034.8289,4512.1774,5600.7947,5203.6573,4669.5141,5781.4152,5236.3124,4701.7979,5814.2817,5259.9286,4727.4769,5835.4803,5084.4652,4562.6813,5649.1696,5061.9988,4543.1316,5623.4834,5310.2634,4777.1413,5886.1723,5390.045,4854.0911,5968.5934,5495.2843,4950.9699,6082.6196,5551.5973,5005.5686,6140.4314,5589.3486,5041.8516,6179.5895,5570.5143,5026.8734,6156.4849
MSOA,E02002425,4914.9951,4449.4965,5415.7204,4967.93,4500.5233,5470.4434,4976.0409,4510.8152,5475.9946,5070.2001,4583.2892,5594.5281,5151.9666,4678.981,5659.586,5191.7943,4717.4374,5700.7224,5243.1303,4767.8676,5752.7498,5226.9881,4754.5907,5733.4568,5196.3871,4725.7546,5701.0417,5298.6584,4822.4295,5809.0397,5312.7172,4836.5258,5822.9811,5341.4638,4864.6987,5852.1894,5410.5901,4930.8056,5924.323,5445.3778,4964.6035,5959.9842,5471.8504,4991.6006,5985.6759,5481.1109,5001.0726,5994.6379,5476.3667,4997.3551,5988.7239,5538.5638,5058.0916,6052.2006
MSOA,E02002426,4454.4625,3975.233,4974.9909,4477.4878,3995.0665,5001.3487,4560.7106,4075.8223,5086.7224,4636.3312,4148.1247,5165.6203,4774.9025,4280.4149,5310.2475,5129.2212,4613.3411,5686.3298,5206.4528,4686.9793,5767.1539,5100.7751,4589.444,5652.9139,5124.1133,4610.5362,5678.6202,5064.5311,4557.0094,5612.6132,5125.1985,4615.4972,5675.2404,5174.1859,4662.3337,5726.3827,5222.4386,4708.8323,5776.2543,5281.3507,4765.1742,5837.6649,5287.3346,4769.5172,5845.4173,5325.0994,4809.1106,5880.8432,5321.9366,4814.4504,5867.973,5192.8326,4693.3017,5730.7006
MSOA,E02002427,5268.2197,4749.1984,5828.3193,5337.1469,4815.9474,5899.2054,5408.6352,4882.2614,5976.1038,5514.9651,4983.0392,6088.0353,5539.2385,5006.8644,6112.5766,5602.0316,5065.6437,6179.479,5609.7674,5074.5583,6185.8406,5693.6551,5155.2545,6272.6971,5733.9512,5195.0835,6313.2429,5714.7506,5177.5043,6292.2992,5712.5313,5175.4322,6289.8718,5790.5893,5251.8092,6369.2952,5729.8685,5195.996,6303.3511,5741.4283,5208.6281,6313.6635,5837.4636,5299.9069,6414.4288,5847.523,5311.134,6423.096,5851.6379,5313.9196,6428.7299,5791.9953,5258.3039,6364.9048
MSOA,E02002428,5436.8478,4838.2705,6087.4333,5550.9705,4947.3425,6206.366,5630.5695,5025.33,6287.0589,5727.3,5118.1794,6387.2851,5805.0817,5189.2266,6472.2853,6034.4292,5403.0428,6717.5221,6140.931,5509.8695,6822.8558,6172.0466,5533.6746,6861.8711,6234.0156,5585.9865,6934.2012,6437.8746,5782.2747,7145.1494,6525.0866,5869.2737,7231.8953,6574.3441,5914.6735,7285.1072,6612.9994,5958.2136,7318.2339,6666.7792,6002.5402,7382.1287,6741.2819,6075.1136,7458.3133,6804.7715,6137.1988,7522.8631,6725.6493,6059.7944,7442.1489,6642.4799,5993.0048,7341.2911
MSOA,E02002429,5317.8706,4799.7827,5876.2985,5230.279,4717.8073,5782.8714,5236.7457,4725.106,5788.3299,5315.6713,4799.5727,5871.7954,5291.5018,4780.7238,5841.6848,5391.8808,4878.6267,5944.1728,5562.3806,5041.2161,6122.5445,5634.8317,5111.2206,6197.2915,5595.2931,5075.6643,6153.4752,5590.9576,5073.8231,6146.3215,5598.0967,5081.0895,6153.278,5534.6139,5021.3681,6085.9393,5479.782,4970.9558,6026.4058,5477.9896,4969.4377,6024.273,5578.7797,5065.7138,6129.5032,5632.1702,5116.4668,6185.5464,5558.8356,5046.7147,6108.5895,5538.8839,5029.7644,6085.3271
MSOA,E02002430,7509.0916,6784.9608,8288.3697,7683.2994,6950.4072,8471.376,7697.6968,6962.3483,8488.4839,7734.9877,6998.0327,8527.364,7795.6549,7056.3146,8590.253,7949.3264,7200.7368,8753.3895,8040.9913,7289.4283,8847.7826,7967.8264,7220.6717,8770.0165,8091.71,7338.62,8899.8142,8172.8285,7418.609,8981.6336,8153.7334,7398.1247,8964.1549,8279.7823,7518.2192,9096.0845,8439.9139,7667.9066,9266.9121,8569.0959,7790.4806,9402.7433,8682.388,7901.2994,9518.1439,8838.0784,8051.239,9679.2867,8666.3151,7888.6491,9498.175,8691.0982,7913.3031,9522.8652
MSOA,E02002431,6217.4322,5542.5314,6948.2648,6221.3394,5547.2754,6951.0152,6254.9167,5583.6026,6981.3694,6213.0646,5330.3019,7197.6945,6211.5951,5546.6098,6931.0383,6341.1688,5678.0268,7057.6837,6475.4146,5809.0488,7194.593,6463.5352,5800.0157,7179.4972,6495.3318,5826.9332,7216.6312,6537.4875,5868.785,7258.7544,6643.72,5967.8649,7372.3401,6618.7007,5941.0391,7349.344,6600.882,5933.2862,7320.116,6557.6029,5896.2051,7270.0924,6497.1453,5835.4877,7210.3217,6590.8739,5931.5715,7300.6447,6552.8148,5891.1509,7265.7256,6627.353,5968.4415,7336.703
MSOA,E02002432,4674.5487,3940.2653,5504.9547,4815.1804,4072.7911,5652.6843,5069.6476,4308.8697,5924.9501,4924.3821,4174.4248,5768.778,4968.6517,4216.6808,5814.6777,5171.3325,4402.6879,6034.5442,5200.5353,4429.2014,6066.4604,5319.6213,4543.3145,6189.3361,5411.3985,4629.9633,6285.993,5339.7061,4566.615,6205.2448,5417.376,4634.994,6293.0302,5288.834,4506.765,6166.1973,5504.6965,4708.9661,6394.7159,5515.4451,4726.2798,6397.2852,5642.952,4843.1804,6535.8184,5691.1859,4893.0029,6581.2128,5654.13,4859.3377,6540.6381,5586.673,4803.665,6459.7788
MSOA,E02002433,5354.427,4769.7691,5990.2225,5336.5206,4755.9605,5967.6909,5385.1398,4802.9077,6017.7937,5430.6163,4647.6271,6306.9501,5623.249,5027.9924,6268.9101,5585.1245,4993.3771,6227.0581,5642.5352,5048.4375,6286.6263,5784.5964,5184.7031,6434.2803,5703.1127,5111.2902,6344.1303,5757.1753,5165.5361,6397.5534,5901.2965,5301.842,6549.4853,5967.5562,5366.9746,6616.4755,5875.827,5279.8662,6520.168,5970.4375,5367.3484,6622.2745,5976.3896,5373.5409,6627.897,5970.0054,5369.58,6618.756,6032.6111,5432.1517,6680.8579,6054.3985,5452.5235,6704.1071
MSOA,E02002434,5575.8857,4949.1978,6257.1144,5583.1147,4960.9726,6258.9589,5646.2267,5018.8457,6327.4991,5639.7723,5008.9255,6324.984,5584.5615,4957.283,6266.1629,5711.4284,5082.5363,6393.657,5664.9879,5041.7249,6341.027,5851.345,5218.086,6537.4036,5791.9497,5169.4264,6466.1419,5923.8422,5296.9201,6601.8801,5877.3153,5255.3745,6550.0399,5847.6437,5229.4531,6516.2381,5928.3579,5306.1408,6600.869,6003.0954,5373.3929,6683.4794,6050.5067,5418.0969,6733.6002,6136.824,5507.1948,6816.0136,6298.053,5673.4238,6969.8326,6318.677,5695.4999,6988.6607
MSOA,E02002435,4561.3144,4050.6723,5117.7038,4644.233,4128.0771,5206.1513,4647.7861,4135.8913,5204.7568,4559.0911,3942.7788,5243.6436,4736.8732,4225.5008,5292.6038,4826.368,4314.9706,5381.3435,4892.0975,4378.9613,5448.4813,4871.984,4361.3739,5425.562,4821.1726,4313.9086,5371.2559,4949.5151,4437.2643,5504.2822,4943.6043,4431.5531,5498.1553,4952.0282,4440.7806,5505.5814,4900.3366,4391.8976,5451.0394,4945.1511,4436.0143,5496.2928,5084.6361,4567.359,5644.0278,5056.4516,4543.2498,5611.4362,5070.6769,4561.5161,5620.8175,4920.1657,4419.1674,5462.0723
MSOA,E02002436,5770.9106,5174.8453,6415.934,5804.6667,5207.8352,6450.3031,5882.6486,5284.5274,6529.1856,5942.0198,5327.4001,6607.2715,6112.8506,5482.2062,6794.9894,6233.0681,5607.9737,6907.5003,6323.1725,5701.2621,6993.6365,6252.9835,5634.6298,6919.7471,6253.6652,5637.8908,6917.4498,6113.8619,5507.6168,6767.8918,6213.8691,5603.2639,6872.0814,6270.417,5658.9754,6929.1533,6358.1518,5744.3944,7019.0128,6336.562,5723.738,6996.4789,6445.499,5830.2399,7107.4359,6355.3573,5746.6397,7010.4327,6483.1283,5872.9052,7138.959,6450.7703,5843.9428,7102.9516
MSOA,E02002437,4427.3312,3860.5718,5050.8337,4501.462,3928.9627,5130.7863,4556.8883,3981.0607,5189.5076,4710.718,4105.795,5376.6044,4503.3713,3926.6301,5137.9811,4635.3487,4062.3004,5263.9819,4694.9924,4121.9038,5322.9992,4884.3564,4294.4002,5529.9639,4998.9358,4406.7997,5645.8761,4902.3527,4321.8008,5536.7372,4985.9367,4402.7712,5622.3837,4964.4861,4387.2472,5594.1792,5086.6987,4504.5096,5720.9537,5069.0098,4493.8321,5695.2705,5087.0186,4516.9975,5707.234,5174.7306,4596.9702,5803.1101,5218.9654,4639.3253,5849.0518,5244.095,4665.3085,5872.9229
MSOA,E02006852,0,0,0,0,0,0,0,0,0,0,0,0,4209.1666,3768.4456,4685.7693,4298.0052,3857.6839,4773.5164,4301.9677,3862.2703,4776.707,4260.5645,3825.3019,4730.564,4297.1406,3861.0729,4767.8645,4322.161,3885.645,4793.1779,4290.9122,3855.9582,4760.3383,4410.9224,3971.884,4884.1914,4447.8884,4008.9021,4920.8301,4377.9716,3943.8953,4845.7568,4405.2099,3968.0717,4876.2947,4437.9634,3998.967,4910.916,4515.1101,4076.83,4986.6833,4581.8488,4141.7875,5054.8812
MSOA,E02006861,0,0,0,0,0,0,0,0,0,0,0,0,4934.8707,4192.8551,5757.153,4879.92,4149.2789,5688.8091,5000.7436,4254.8549,5824.9722,5155.5134,4396.8116,5992.5999,5301.906,4537.0661,6145.5824,5566.8494,4792.6421,6418.7384,5564.6237,4793.3249,6412.6443,5661.9052,4878.9485,6522.082,5712.5574,4917.0134,6588.4527,5872.9027,5061.9191,6764.9046,5732.1397,4936.0969,6607.5363,5813.7297,5017.0181,6688.8523,5925.6835,5121.2037,6809.0075,5875.5516,5080.2733,6746.5872
MSOA,E02006875,0,0,0,0,0,0,0,0,0,0,0,0,1788.7067,811.8696,3022.3257,1810.7752,811.5549,3062.3781,3555.5379,1180.5934,6488.7431,4500.4856,1470.5963,8227.1273,4323.9334,1330.3627,8037.4771,3885.3717,1329.5059,7086.7969,2672.8805,948.9894,4826.7076,2823.3032,1245.4404,4760.1698,2460.6112,1227.552,3971.3109,3353.4944,1581.3426,5498.5214,3459.303,1819.5376,5432.1714,3334.1968,1723.7741,5277.4648,3175.6037,1741.8981,4900.5532,2923.3482,1607.3031,4492.0805
MSOA,E02006876,0,0,0,0,0,0,0,0,0,0,0,0,6473.9027,5723.5057,7292.4889,6544.4568,5794.473,7361.7481,6649.3205,5897.7148,7467.1104,6690.2673,5936.9793,7509.6638,6781.1196,6026.6282,7601.1661,7048.9672,6278.7178,7884.957,7203.3645,6420.861,8052.3371,7159.3377,6378.5737,8006.7395,7047.9739,6278.472,7883.4688,7071.599,6301.066,7908.0017,7087.9121,6317.3787,7924.1055,7174.1879,6386.9691,8028.8107,7345.0322,6567.9629,8185.8322,7394.1284,6614.2233,8237.7156
Ward,Adel and Wharfedale ward,0,0,0,0,0,0,0,0,0,0,0,0,3835.0453,3584.3763,4098.5217,3890.611,3638.511,4155.4732,3942.6155,3689.0288,4208.9382,3974.7511,3719.733,4242.5412,4020.0555,3764.0526,4288.7734,4074.1482,3816.6014,4344.3893,4089.7462,3831.2995,4360.9315,4153.0741,3892.8106,4426.0492,4208.3194,3946.739,4482.5682,4272.8382,4009.0799,4549.2842,4274.7068,4011.1805,4550.9031,4263.5341,3998.9485,4540.9268,4266.1598,4003.4882,4541.4474,4222.8821,3962.3834,4495.9247
Ward,Alwoodley ward,0,0,0,0,0,0,0,0,0,0,0,0,5175.8218,4884.5324,5479.8274,5288.4545,4995.1555,5594.3652,5304.801,5011.2422,5610.9618,5396.1063,5101.0395,5703.6909,5432.6305,5136.613,5741.1558,5486.078,5189.2751,5795.3424,5511.0768,5214.0609,5820.5045,5663.4294,5362.5182,5976.7416,5670.1689,5369.6097,5983.0818,5723.1006,5421.2868,6037.2497,5755.6461,5453.1865,6070.4214,5723.1673,5387.0691,6074.6137,5681.1171,5383.1809,5991.1668,5666.3617,5369.0818,5975.7329
Ward,Ardsley and Robin Hood ward,0,0,0,0,0,0,0,0,0,0,0,0,5458.1017,5105.8096,5827.7391,5604.0967,5250.9705,5974.1224,5669.1552,5316.0759,6038.9783,5757.9607,5401.8498,6130.8167,5739.936,5387.9247,6108.4024,5722.3949,5373.0766,6087.9948,5758.3636,5408.6013,6124.334,5728.6695,5381.6525,6091.7367,5828.1399,5479.2735,6192.9524,5842.1043,5493.0566,6207.0544,5943.4413,5592.2271,6310.4813,5950.0488,5600.3913,6315.3839,6066.1579,5715.635,6432.1151,6076.2458,5727.1148,6440.6769
Ward,Armley ward,0,0,0,0,0,0,0,0,0,0,0,0,6299.1986,5933.1325,6681.4115,6551.169,6180.6774,6937.5324,6618.4868,6247.1464,7005.5999,6666.985,6295.4503,7054.1933,6792.2338,6416.8456,7183.3088,6891.6328,6514.7911,7284.0523,6965.952,6585.9235,7361.6242,7073.4123,6690.7954,7471.6437,7053.3483,6673.6807,7448.441,7073.7274,6693.3186,7469.5515,7159.6084,6776.562,7558.0807,7084.0485,6703.9871,7479.466,7042.5661,6665.9623,7434.3364,7059.2689,6682.6973,7450.9618
Ward,Beeston and Holbeck ward,0,0,0,0,0,0,0,0,0,0,0,0,6332.1686,5956.3968,6724.9893,6529.0816,6149.7683,6925.2289,6663.7868,6281.0445,7063.3022,6698.3696,6314.4246,7099.09,6703.043,6319.0174,7103.8118,6773.7803,6388.8046,7175.3926,6870.4323,6483.1285,7274.3214,6938.6689,6551.0503,7342.7383,6990.2622,6601.9571,7394.9419,7071.4455,6681.0549,7478.1818,7096.1106,6705.4251,7503.0839,7076.1641,6697.8285,7469.7805,7183.3687,6795.8911,7586.6887,7237.873,6848.4395,7643.1696
Ward,Bramley and Stanningley ward,0,0,0,0,0,0,0,0,0,0,0,0,5765.0953,5419.6451,6126.5079,5907.918,5557.6965,6274.1326,5990.743,5638.4074,6359.0349,6094.4444,5739.2527,6465.5834,6155.4055,5800.26,6526.3403,6267.0755,5909.2223,6640.6652,6290.7456,5932.6536,6664.544,6365.4038,6005.2695,6741.2263,6542.1638,6178.2422,6921.663,6577.8206,6212.2408,6959.0298,6635.6129,6268.6336,7018.186,6600.655,6233.1705,6983.8439,6655.869,6287.9476,7039.3927,6572.2438,6208.9115,6951.0024
Ward,Burmantofts and Richmond Hill ward,0,0,0,0,0,0,0,0,0,0,0,0,6547.1592,6164.004,6947.3264,6638.6663,6254.1327,7040.0805,6721.0532,6326.7852,7132.8421,6681.1337,6296.4984,7082.4749,6556.3351,6134.6888,6998.4987,6816.1812,6429.7168,7219.1342,6760.7855,6374.5432,7163.5949,6905.8612,6514.3715,7313.9661,7007.97,6613.8765,7418.6294,7183.478,6784.712,7598.7407,7198.6886,6800.3594,7613.4336,7133.9103,6736.9608,7547.2876,7151.8346,6755.5862,7564.3574,7202.639,6806.7505,7614.6775
Ward,Calverley and Farsley ward,0,0,0,0,0,0,0,0,0,0,0,0,4767.1387,4465.6534,5083.5001,4903.4712,4599.2863,5222.3571,4953.6888,4648.9018,5273.0844,5074.0123,4765.5593,5397.0636,5108.2287,4799.1643,5431.8621,5187.1582,4876.5414,5512.2457,5277.3153,4964.4493,5604.6037,5319.1974,5006.1796,5646.5361,5405.259,5089.6783,5735.1577,5127.2519,4784.5211,5487.8725,5448.7142,5133.9458,5777.6149,5479.5815,5163.8843,5809.4145,5489.7902,5175.4769,5818.0898,5454.9363,5142.481,5781.3076
Ward,Chapel Allerton ward,0,0,0,0,0,0,0,0,0,0,0,0,7690.5082,7258.3708,8140.8035,7872.5618,7442.1888,8320.5376,7882.4726,7464.6076,8316.9379,8190.5271,7767.6049,8629.8103,8289.1466,7864.5887,8729.9926,8449.6206,8023.8379,8891.4698,8533.4796,8106.7531,8976.1659,8667.1362,8236.2839,9114.0073,8597.7586,8168.732,9042.7859,8623.9505,8193.8945,9070.0056,8724.9399,8293.4611,9172.3376,8676.9615,8247.6874,9122.0829,8804.0336,8371.7756,9252.1283,8795.4973,8365.3452,9241.3381
Ward,City and Hunslet ward,0,0,0,0,0,0,0,0,0,0,0,0,7262.0536,6793.7663,7752.1147,7506.0949,7030.6085,8003.2042,7632.7539,7157.0024,8129.6942,7796.2336,7314.547,8299.1946,7845.7523,7365.3085,8347.2147,7981.9556,7496.5078,8488.4791,8102.0114,7613.0393,8612.009,8163.4113,7674.5797,8673.0819,8106.7876,7623.4553,8610.6661,8225.5495,7736.8639,8734.8018,8254.2985,7764.9207,8764.1667,8276.5559,7784.1111,8789.6601,8310.3471,7827.8132,8812.5804,8314.8502,7833.5749,8815.5997
Ward,Cross Gates and Whinmoor ward,0,0,0,0,0,0,0,0,0,0,0,0,5471.5714,5172.5604,5783.2932,5590.1211,5288.3283,5904.5799,5617.5596,5315.2795,5932.4863,5648.8421,5346.4022,5963.8713,5684.593,5381.5898,6000.1602,5839.9303,5533.737,6158.6099,5837.6186,5531.4097,6156.3191,5911.8394,5603.6872,6232.4743,5968.7204,5659.7286,6290.1423,6020.9397,5711.1492,6343.1118,6053.737,5743.6126,6376.1991,5939.0128,5631.5375,6258.8527,5944.9257,5636.3409,6265.9605,6020.8366,5711.9226,6342.0664
Ward,Farnley and Wortley ward,0,0,0,0,0,0,0,0,0,0,0,0,5016.9939,4718.6861,5329.0595,5255.8687,4951.4695,5573.9224,5377.2327,5069.5221,5698.5756,5512.4657,5200.9531,5837.6006,5589.3689,5276.1944,5916.1226,5801.3593,5482.1038,6134.2027,5856.6892,5535.4544,6191.5465,5971.4266,5647.4403,6308.9889,6114.1282,5787.4082,6454.3179,6094.5355,5768.9495,6433.5394,6162.2864,5835.4986,6502.4402,6202.2764,5874.9048,6542.9731,6216.2506,5888.9632,6556.8252,6227.3076,5900.7867,6567.031
Ward,Garforth and Swillington ward,0,0,0,0,0,0,0,0,0,0,0,0,5002.9946,4712.9573,5306.0774,5082.2831,4791.3265,5386.1581,5074.072,4784.2937,5376.6825,5169.3326,4877.1879,5474.2691,5156.4516,4865.9313,5459.6545,5200.3943,4909.5141,5503.8817,5265.0259,4972.619,5570.0113,5296.2335,4978.2476,5629.0262,5278.4744,4985.8079,5583.7046,5338.7848,5044.7074,5645.3937,5334.1456,5040.8015,5639.9647,5377.5584,5082.8737,5684.7246,5394.0881,5101.7136,5698.7188,5448.314,5155.2366,5753.5815
Ward,Gipton and Harehills ward,0,0,0,0,0,0,0,0,0,0,0,0,9849.0414,9369.4077,10345.7208,10066.5919,9580.5228,10569.7519,10213.5227,9724.2058,10719.8518,10297.335,9806.3361,10805.3125,11058.3612,10491.5594,11646.2624,10454.6224,9962.5097,10963.4971,10651.5439,10153.6315,11166.2501,10645.5522,10147.3866,11160.473,10708.8395,10211.2537,11223.0347,10742.6305,10243.9811,11257.8956,10820.8723,10319.3618,11339.0068,10857.9171,10353.9705,11378.5561,10942.7358,10436.7246,11465.3607,10979.266,10474.5761,11500.4384
Ward,Guiseley and Rawdon ward,0,0,0,0,0,0,0,0,0,0,0,0,4368.5389,4091.5922,4659.1881,4546.6143,4266.7995,4839.8476,4606.7818,4325.5358,4901.3987,4662.4521,4380.1616,4958.0627,4707.3508,4424.5989,5003.3396,4738.6658,4454.9627,5035.605,4727.4398,4445.4155,5022.5901,4734.8573,4453.5827,5029.1663,4725.7138,4444.8718,5019.5763,4766.1635,4484.0069,5061.3454,4805.9529,4523.046,5101.8396,4844.0357,4560.2312,5140.8004,4852.1707,4571.4967,5145.492,4858.9013,4579.1211,5151.2373
Ward,Harewood ward,0,0,0,0,0,0,0,0,0,0,0,0,3270.6486,3033.8373,3520.8323,3379.3863,3139.9959,3631.9891,3398.2174,3159.0473,3650.508,3457.6823,3216.7666,3711.6834,3463.4853,3222.6714,3717.3364,3453.1179,3213.3844,3705.8047,3468.2565,3228.3277,3721.1156,3472.4022,3228.8346,3729.2604,3497.6648,3256.4174,3751.8552,3529.7934,3287.4001,3785.125,3499.1286,3258.4931,3752.6249,3518.6636,3277.3468,3772.8367,3504.6826,3265.0794,3757.0107,3497.8817,3260.092,3748.2214
Ward,Headingley ward,0,0,0,0,0,0,0,0,0,0,0,0,5968.6759,5296.1646,6697.4312,6027.715,5361.7481,6747.9812,6246.2649,5566.5547,6980.145,6348.1941,5661.3731,7089.3739,6413.8655,5731.8191,7149.0182,6546.1245,5858.217,7286.1554,6605.4545,5915.6279,7346.9655,6560.0112,5871.4191,7300.1316,6469.2529,5781.9567,7209.5026,6504.0518,5811.5274,7249.6562,6535.2066,5840.2912,7283.1121,6506.6509,5814.8104,7251.1796,6504.5666,5818.0719,7243.4763,6442.9142,5757.2152,7180.9675
Ward,Horsforth ward,0,0,0,0,0,0,0,0,0,0,0,0,3657.4857,3405.4647,3923.1329,3781.7617,3525.2714,4051.8823,3796.6795,3539.5749,4067.4128,3870.4771,3610.5969,4144.0224,3835.0246,3576.0975,4107.6514,3901.6449,3640.731,4176.2195,3947.6488,3685.701,4223.2119,4094.4873,3828.7394,4373.7347,4113.2737,3846.6551,4393.4127,4163.1381,3895.3577,4444.3825,4207.1448,3937.4464,4490.3503,4225.085,3955.4609,4508.1451,4232.0767,3962.9764,4514.5352,4228.8841,3960.9183,4510.1081
Ward,Hyde Park and Woodhouse ward,0,0,0,0,0,0,0,0,0,0,0,0,7282.5606,6686.8374,7912.7901,7642.984,7033.3258,8286.732,7790.6653,7170.0359,8445.4558,7833.8377,7209.9183,8492.0532,7969.8208,7338.0966,8636.4347,7968.5955,7342.3627,8629.0906,8021.6914,7389.6744,8688.2872,7921.8227,7291.0448,8587.2039,7872.0128,7246.6815,8531.6947,7981.2218,7353.5305,8643.0287,7971.7623,7349.9576,8627.0775,8131.3369,7501.6633,8794.642,8225.5968,7594.3623,8890.355,8179.7548,7552.6956,8839.7659
Ward,Killingbeck and Seacroft ward,0,0,0,0,0,0,0,0,0,0,0,0,6543.3533,6189.6023,6911.8009,6621.3028,6265.8938,6991.3643,6682.7051,6325.7802,7054.2561,6725.9601,6369.4002,7097.0332,6802.0588,6441.3916,7177.4009,6909.7559,6548.7866,7285.1886,7045.4816,6681.3854,7424.0114,7110.2115,6743.9114,7490.9867,7133.8563,6767.1545,7515.0137,7198.1762,6829.4791,7581.3571,7243.1272,6873.9778,7626.6985,7315.7267,6945.2497,7700.5842,7327.7397,6958.4567,7711.2656,7326.3586,6958.9142,7707.9139
Ward,Kippax and Methley ward,0,0,0,0,0,0,0,0,0,0,0,0,5284.6005,4919.9274,5669.0034,5414.5369,5046.0932,5802.6346,5455.1672,5086.4274,5843.4411,5498.2349,5128.9646,5886.9463,5595.2825,5223.7411,5986.1589,5556.3965,5187.493,5944.5094,5560.0841,5191.2102,5948.1543,5558.5982,5185.1925,5951.687,5557.9175,5190.2723,5944.6147,5574.584,5207.2289,5960.9081,5599.9511,5232.1466,5986.6916,5692.1065,5322.0047,6081.074,5715.0351,5345.2977,6103.5329,5757.9278,5388.7793,6145.6266
Ward,Kirkstall ward,0,0,0,0,0,0,0,0,0,0,0,0,5673.996,5287.9645,6080.0924,5827.4814,5439.0974,6235.6059,5833.2545,5443.6553,6242.6788,5862.5976,5471.0078,6274.1368,5907.7345,5514.9076,6320.4933,6039.2823,5642.2617,6456.1978,6054.7145,5656.4329,6472.9654,6221.0821,5817.5933,6644.5235,6303.4704,5898.4788,6728.3056,6373.5565,5966.1565,6800.8015,6323.6377,5919.1488,6747.8507,6304.3765,5899.6993,6728.8713,6380.9477,5969.6344,6812.4577,6387.3286,5977.0999,6817.6146
Ward,Middleton Park ward,0,0,0,0,0,0,0,0,0,0,0,0,6815.7686,6459.0936,7186.6939,6993.4548,6632.048,7369.1134,7079.5154,6717.0901,7456.0951,7127.2495,6763.0718,7505.6113,7212.6066,6846.4117,7592.9775,7312.4395,6945.2168,7693.7273,7384.84,7016.4413,7767.2387,7493.4955,7122.4087,7878.5626,7584.9942,7211.5867,7972.3673,7653.1825,7278.0525,8042.2812,7740.0691,7363.8873,8130.134,7792.7416,7416.1026,8183.1921,7655.3339,7283.5479,8040.7864,7615.2711,7245.7158,7998.4028
Ward,Moortown ward,0,0,0,0,0,0,0,0,0,0,0,0,5871.0543,5541.1179,6215.2607,6139.7745,5804.015,6489.6422,6221.956,5884.6069,6573.3638,6266.7897,5928.3565,6619.2723,6361.4336,6021.049,6715.7982,6460.4979,6118.3514,6816.5554,6517.4908,6173.8328,6875.0544,6559.8311,6214.7453,6918.8344,6508.1414,6164.9694,6865.1993,6567.9278,6224.1209,6925.5403,6579.4492,6235.0949,6937.6361,6550.0123,6200.561,6913.7997,6531.4074,6190.6932,6885.7587,6551.9841,6210.9615,6906.622
Ward,Morley North ward,0,0,0,0,0,0,0,0,0,0,0,0,5028.0314,4734.7472,5334.6221,5054.4304,4760.8259,5361.307,5099.2298,4805.1962,5406.4528,5161.0179,4865.5542,5469.6408,5163.2749,4868.2746,5471.3905,5208.8826,4912.5148,5518.3744,5198.0809,4902.4432,5506.8102,5234.5255,4938.583,5543.4933,5350.3147,5051.2038,5662.4334,5405.6784,5104.8935,5719.4725,5462.6986,5160.6435,5777.7365,5495.5118,5194.0684,5809.8059,5521.241,5218.2107,5837.1896,5507.4116,5205.6872,5821.9829
Ward,Morley South ward,0,0,0,0,0,0,0,0,0,0,0,0,5383.4973,5052.2236,5730.5843,5438.3101,5107.7495,5784.4685,5516.5997,5184.5936,5864.1106,5578.0012,5244.855,5926.5781,5539.0696,5208.0438,5885.4426,5598.4062,5266.7077,5945.3518,5624.7429,5292.45,5972.2671,5617.8508,5286.4277,5964.4369,5598.1625,5268.1513,5943.258,5621.7688,5291.3191,5967.2807,5638.5505,5307.4318,5984.7408,5664.5506,5334.0485,6010.0065,5652.4108,5323.6395,5996.0236,5635.9275,5308.5176,5978.1041
Ward,Otley and Yeadon ward,0,0,0,0,0,0,0,0,0,0,0,0,4707.5807,4437.395,4989.8481,4975.2246,4698.9821,5263.3998,5048.5725,4771.0093,5338.0022,5125.1164,4845.6522,5416.427,5127.2676,4847.8115,5418.5649,5130.2146,4851.8918,5420.2788,5197.4736,4917.2422,5489.4522,5227.0395,4946.422,5519.3697,5258.5022,4977.4736,5551.2016,5266.293,4985.4866,5558.7341,5335.996,5053.6053,5629.998,5413.039,5128.3468,5709.3581,5358.7419,5077.8108,5651.1121,5376.036,5095.447,5667.9996
Ward,Pudsey ward,0,0,0,0,0,0,0,0,0,0,0,0,5187.814,4879.2445,5510.7034,5339.4376,5027.7178,5665.3526,5340.1286,5029.0921,5665.2965,5425.4319,5111.9389,5753.051,5422.2654,5109.3325,5749.28,5497.4091,5183.4527,5825.336,5509.121,5195.1658,5837.0219,5594.9398,5279.1284,5924.645,5563.4863,5249.185,5891.627,5651.4541,5322.0303,5995.8724,5588.3154,5274.7692,5915.5729,5625.2328,5310.9833,5953.1601,5615.6443,5302.8314,5942.0265,5613.0712,5300.9704,5938.6819
Ward,Rothwell ward,0,0,0,0,0,0,0,0,0,0,0,0,5182.5023,4871.5075,5508.0633,5352.1644,5036.2116,5682.6612,5439.3017,5121.1718,5771.9525,5459.6361,5141.6759,5792.0356,5464.3408,5146.8011,5796.2676,5430.7412,5115.1336,5760.6549,5473.0848,5156.3469,5804.1015,5504.3624,5187.4789,5835.4668,5459.0696,5144.5356,5787.7318,5487.0744,5172.1846,5816.0576,5540.5137,5223.7629,5871.3655,5586.627,5269.0751,5918.2286,5571.8335,5256.0344,5901.5682,5496.4179,5183.8052,5822.88
Ward,Roundhay ward,0,0,0,0,0,0,0,0,0,0,0,0,5452.2353,5132.7931,5785.9939,5603.484,5280.3596,5940.8425,5665.2334,5341.8126,6002.7671,5728.5358,5403.5446,6067.6305,5812.7226,5484.5693,6155.0628,5912.6054,5585.5641,6253.4931,6002.0416,5672.6253,6345.2942,6051.7136,5720.6223,6396.6568,6089.9563,5759.8365,6433.7645,6158.549,5827.8931,6502.7956,6222.1568,5889.7043,6568.2223,6275.5594,5941.5023,6623.239,6292.353,5958.115,6640.1905,6279.7168,5946.4814,6626.4859
Ward,Temple Newsam ward,0,0,0,0,0,0,0,0,0,0,0,0,4905.2117,4609.3915,5214.9146,4946.9834,4651.5903,5256.1246,4964.4062,4667.9354,5274.6686,5035.6548,4738.0756,5346.9192,4998.5773,4701.4207,5309.4976,5100.8738,4802.8029,5412.5058,5194.4514,4894.232,5508.1804,5258.9551,4956.1264,5575.3556,5273.852,4971.687,5589.4866,5322.7855,5019.479,5639.535,5349.1326,5045.2654,5666.4265,5346.9725,5044.1276,5663.1639,5373.0641,5069.828,5689.6177,5362.6698,5060.6397,5677.9416
Ward,Weetwood ward,0,0,0,0,0,0,0,0,0,0,0,0,4571.1576,4251.9965,4907.4858,4635.0065,4315.2044,4971.8248,4687.874,4366.8981,5025.7902,4689.9768,4370.2875,5026.4761,4700.173,4380.9198,5036.1721,4732.8556,4413.6959,5068.6345,4716.4019,4397.5159,5051.9432,4796.9884,4475.639,5134.9609,4774.455,4455.3987,5109.9961,4775.3734,4456.7842,5110.3939,4786.8697,4466.8436,5123.4307,4865.9221,4542.5598,5205.8639,4881.4103,4559.4677,5219.7353,4908.017,4586.2355,5246.0696
Ward,Wetherby ward,0,0,0,0,0,0,0,0,0,0,0,0,3703.0394,3457.0398,3961.734,3779.6605,3533.1897,4038.6085,3843.7538,3595.4354,4104.5156,3823.8218,3576.7011,4083.3328,3847.3647,3600.0241,4107.024,3848.5519,3601.9473,4107.3979,3859.8306,3613.3956,4118.4585,3883.3329,3636.1945,4142.6459,3961.7793,3712.6893,4222.9836,3997.0284,3746.7285,4259.444,3987.9702,3738.4233,4249.5774,3970.0219,3720.9331,4231.1677,3977.5617,3729.0986,4238.0015,3978.6909,3730.7696,4238.5135
Leeds Registered and Resident,Leeds Registered and Resident,5237.4817,5180.8583,5294.5645,5283.4001,5226.6447,5340.6131,5371.9833,5313.7737,5430.6662,5373.6587,5315.0227,5432.775,5403.9556,5346.4815,5461.8886,5547.3026,5489.343,5605.7168,5614.5856,5556.3937,5673.2303,5681.5114,5623.1037,5740.3699,5699.2337,5640.5128,5758.4091,5792.1466,5733.4492,5851.2907,5837.6573,5778.7828,5896.9778,5904.7791,5845.42,5964.5863,5935.4718,5876.2787,5995.1082,5976.5772,5916.9815,6036.619,6015.4184,5955.9619,6075.3161,6032.0924,5972.3901,6092.2382,6038.7616,5979.4787,6098.4812,6042.919,5983.8137,6102.4582
MSOA Quintile 2015,Deprivation Quintile 1 (Most Deprived),0,0,0,0,0,0,0,0,0,0,0,0,7746.1084,7568.8052,7926.4025,7946.5487,7767.2382,8128.8389,8054.5733,7874.5758,8237.5307,8150.0639,7969.7773,8333.2829,8299.0337,8111.0266,8490.1751,8369.9319,8188.0586,8554.707,8452.6992,8269.9762,8638.3198,8547.2382,8363.4041,8733.9678,8593.0342,8408.9866,8779.9656,8663.901,8478.909,8851.7786,8736.5373,8550.7924,8925.162,8749.8056,8563.8623,8938.6273,8764.7677,8579.1624,8953.2308,8778.4144,8593.3732,8966.2917
MSOA Quintile 2015,Deprivation Quintile 2,0,0,0,0,0,0,0,0,0,0,0,0,5911.1238,5773.6144,6051.033,6091.8463,5952.8763,6233.1932,6177.4609,6037.6452,6319.6479,6231.343,6091.1543,6373.8955,6270.798,6130.2969,6413.6596,6366.9263,6225.8018,6510.3962,6437.4402,6295.483,6581.7432,6516.2215,6373.4868,6661.2977,6552.2819,6409.5839,6697.3074,6608.4805,6465.199,6754.0875,6631.7092,6488.3614,6777.3753,6626.3995,6483.1299,6771.986,6643.5071,6500.4733,6788.8432,6647.1035,6504.3951,6792.1026
MSOA Quintile 2015,Deprivation Quintile 3,0,0,0,0,0,0,0,0,0,0,0,0,5474.6777,5338.1115,5613.8081,5604.6365,5467.1736,5744.6352,5659.9785,5522.1785,5800.3009,5731.2749,5592.798,5872.2679,5762.873,5624.1221,5904.138,5861.6263,5722.2467,6003.498,5881.7779,5742.2813,6023.7611,5945.1785,5804.9253,6087.9182,6011.2452,5870.5924,6154.3742,6074.8488,5932.4291,6219.7783,6087.3893,5946.1784,6231.0625,6108.9649,5967.354,6253.0435,6147.3979,6006.0201,6291.2199,6134.9253,5994.266,6278.0069
MSOA Quintile 2015,Deprivation Quintile 4,0,0,0,0,0,0,0,0,0,0,0,0,4758.905,4647.1329,4872.6784,4877.2724,4764.6627,4991.8633,4931.6617,4818.6912,5046.6039,4989.6191,4876.2555,5104.9453,5003.8853,4890.5462,5119.1806,5055.3206,4941.6752,5170.9128,5082.6931,4968.8334,5198.4968,5122.4441,5007.2454,5239.6173,5165.1936,5050.6278,5281.696,5154.3617,5038.8074,5271.8906,5243.0981,5128.0268,5360.0939,5256.7614,5141.5957,5373.8497,5253.5743,5139.1363,5369.9116,5252.6261,5138.5123,5368.6286
MSOA Quintile 2015,Deprivation Quintile 5 (Least Deprived),0,0,0,0,0,0,0,0,0,0,0,0,4027.4598,3926.9117,4129.923,4147.0859,4045.6212,4250.4441,4186.317,4084.4682,4290.0559,4241.1754,4138.7545,4345.4833,4264.0311,4161.5196,4368.4229,4279.4435,4177.0807,4383.6749,4318.7197,4216.024,4423.2791,4356.8,4253.2758,4462.2014,4356.6128,4253.8302,4461.2455,4388.5153,4285.3634,4493.5166,4407.9181,4304.7015,4512.9781,4405.5886,4301.1686,4511.8961,4431.5443,4328.6095,4536.3019,4436.9843,4334.325,4541.4544
Community Committee,Inner East,0,0,0,0,0,0,0,0,0,0,0,0,7593.0743,7359.6339,7831.8519,7714.7633,7479.7055,7955.1426,7827.3874,7589.4144,8070.7299,7836.3329,7600.3671,8077.5679,7968.055,7714.0923,8228.035,8008.8046,7771.1496,8251.6828,8099.0208,7859.7787,8343.4896,8171.3042,7930.679,8417.1605,8236.7467,7995.5133,8483.1905,8327.36,8084.7499,8575.1783,8369.4134,8126.4217,8617.5961,8384.3574,8141.0266,8632.8806,8418.3981,8175.169,8666.7777,8444.2324,8201.7898,8691.7814
Community Committee,Inner North East,0,0,0,0,0,0,0,0,0,0,0,0,6234.1137,6028.9491,6444.3583,6442.0535,6234.9737,6654.1374,6522.7114,6316.5136,6733.8128,6650.5024,6442.8302,6863.0514,6744.4208,6535.3708,6958.3423,6859.8532,6650.4767,7074.0333,6936.7298,6726.4246,7151.8252,7006.5134,6794.9076,7222.9176,6981.0847,6770.4557,7196.4877,7032.679,6821.7534,7248.3567,7088.3747,6876.6919,7304.8071,7094.3025,6881.3569,7312.0523,7121.028,6909.5467,7337.2275,7122.7291,6911.7495,7338.4015
Community Committee,Inner North West,0,0,0,0,0,0,0,0,0,0,0,0,5509.1848,5245.1129,5782.5445,5661.6863,5395.8442,5936.6697,5751.0601,5483.4878,6027.7085,5775.4135,5507.9288,6051.941,5816.2898,5548.7224,6092.8818,5876.9841,5609.0798,6153.8176,5880.0314,5611.8786,6157.1127,5900.5716,5631.7767,6178.2875,5867.3315,5600.1249,6143.4575,5902.4906,5634.5306,6179.3439,5920.2698,5651.5586,6197.8685,6006.3441,5735.2842,6286.308,6034.658,5764.6086,6313.5354,6035.704,5766.086,6314.0771
Community Committee,Inner South,0,0,0,0,0,0,0,0,0,0,0,0,6741.2413,6514.496,6973.6435,6945.9444,6716.2188,7181.2968,7063.8902,6833.1038,7300.2521,7133.9533,6901.7389,7371.7526,7183.8017,6951.2866,7421.8763,7275.357,7041.8282,7514.419,7364.5952,7130.0201,7604.6801,7452.308,7216.8022,7693.2978,7499.4888,7263.7586,7740.6775,7582.3766,7345.2916,7824.9139,7630.781,7393.3329,7873.6554,7637.0453,7401.9219,7877.4795,7644.352,7409.6412,7884.346,7651.2391,7416.8753,7890.8566
Community Committee,Inner West,0,0,0,0,0,0,0,0,0,0,0,0,5926.6476,5714.8099,6144.1837,6107.7556,5893.7755,6327.3715,6160.6152,5945.9183,6380.9342,6225.5339,6009.8217,6446.8652,6299.4367,6082.8833,6521.5859,6419.139,6200.8241,6643.0323,6459.999,6240.7568,6684.8302,6576.2598,6355.0804,6803.0253,6655.5639,6433.9808,6882.6868,6693.3846,6470.9301,6921.3843,6729.6889,6506.8836,6958.0249,6684.1035,6461.7258,6912.0253,6711.2442,6488.5248,6939.4983,6687.9778,6466.4975,6914.9521
Community Committee,Outer East,0,0,0,0,0,0,0,0,0,0,0,0,5159.6939,5004.7219,5318.2302,5250.2364,5094.4313,5409.5828,5269.8154,5113.8866,5429.2776,5331.7166,5175.2566,5491.6924,5347.3758,5190.8841,5507.3755,5422.2066,5265.2815,5582.6109,5465.9162,5308.4487,5626.8587,5516.6603,5354.6508,5682.314,5526.7547,5368.7069,5688.2633,5569.9628,5411.5988,5731.774,5591.9201,5433.4426,5753.8362,5583.083,5424.8966,5744.7005,5597.1015,5439.1121,5758.5058,5643.0607,5484.9671,5804.545
Community Committee,Outer North East,0,0,0,0,0,0,0,0,0,0,0,0,4078.1016,3927.1618,4233.3252,4176.1579,4024.282,4332.2664,4209.8157,4057.5701,4366.2813,4252.4348,4099.7911,4409.2783,4271.0686,4118.3911,4427.9276,4282.2236,4129.7944,4438.8099,4298.7093,4146.28,4455.2805,4368.9673,4214.6584,4527.4517,4398.7684,4244.7946,4556.8699,4440.7191,4286.0323,4599.5314,4440.5541,4286.0937,4599.1267,4334.1764,4176.2807,4496.4732,4416.4052,4263.1732,4573.7043,4406.2268,4253.6146,4562.8787
Community Committee,Outer North West,0,0,0,0,0,0,0,0,0,0,0,0,4149.1006,4016.9226,4284.5052,4305.5014,4171.4877,4442.7091,4357.0075,4222.3595,4494.8402,4414.8307,4279.358,4553.4858,4431.5764,4295.9795,4570.35,4471.5714,4335.566,4610.7439,4503.1171,4366.7564,4642.6403,4564.1869,4427.2197,4704.3017,4585.7278,4448.6076,4725.9875,4625.7999,4488.1666,4766.5685,4667.7226,4529.4981,4809.0808,4699.2249,4560.4032,4841.185,4692.8119,4555.1329,4833.5825,4689.3099,4552.1181,4829.5747
Community Committee,Outer South,0,0,0,0,0,0,0,0,0,0,0,0,5244.0726,5083.5852,5408.3017,5339.6135,5178.6029,5504.3233,5408.1676,5246.5121,5573.5047,5461.6451,5299.5366,5627.4194,5453.946,5292.5042,5619.0305,5473.0801,5311.7307,5638.0568,5493.5399,5332.1252,5658.5709,5507.8296,5346.5883,5672.6703,5545.5805,5384.1904,5710.5519,5578.684,5416.8716,5744.0736,5635.482,5472.9596,5801.5759,5665.9272,5503.5877,5831.8119,5691.8406,5529.6258,5857.5781,5664.8977,5503.6176,5829.6776
Community Committee,Outer West,0,0,0,0,0,0,0,0,0,0,0,0,5001.7473,4825.6957,5182.5471,5179.5278,5001.1558,5362.6043,5237.276,5058.2963,5420.9403,5349.2424,5168.3835,5534.7825,5384.9091,5203.7232,5570.7628,5506.0321,5323.2457,5693.4624,5558.0996,5374.508,5746.3319,5637.1821,5452.705,5826.2772,5705.8266,5520.5593,5895.694,5671.3978,5478.0799,5869.76,5745.9174,5560.8749,5935.5165,5784.7002,5599.1546,5974.7961,5787.8148,5602.8418,5977.3062,5782.8866,5598.4412,5971.8291
CCG,NHS Leeds North CCG,5100.6794,4993.9195,5209.1299,5154.564,5047.6287,5263.1778,5163.9356,5057.0354,5272.5105,5285.9007,5172.8612,5400.7684,5209.4473,5101.4508,5319.1386,5350.3935,5241.6126,5460.8481,5414.1219,5305.2435,5524.6578,5505.8886,5396.3464,5617.0808,5551.2735,5441.5307,5662.6589,5621.0005,5510.816,5732.8205,5656.6933,5546.3452,5768.6715,5717.7553,5606.8969,5830.2411,5739.9554,5629.1913,5852.338,5789.2632,5678.2269,5901.9118,5816.3597,5705.2515,5929.0747,5811.8554,5698.9801,5926.3902,5815.0779,5704.2751,5927.4787,5805.7106,5695.3017,5917.7088
CCG,NHS Leeds South and East CCG,5725.9755,5624.9319,5828.3674,5779.562,5678.1944,5882.2737,5824.6235,5722.9775,5927.6106,5868.8686,5766.7313,5972.3495,5950.1191,5847.4049,6054.1735,6071.8619,5968.3424,6176.7152,6143.818,6039.7336,6249.2346,6192.1838,6088.1053,6297.5838,6188.5859,6082.978,6295.5568,6296.3987,6192.0738,6402.0298,6348.346,6243.7141,6454.2807,6425.2921,6319.0007,6532.9111,6422.6692,6317.7301,6528.903,6481.196,6375.8841,6587.7997,6517.3354,6411.8313,6624.1285,6545.036,6439.7898,6651.5592,6572.8729,6467.1705,6679.8582,6595.6813,6490.1577,6702.4791
CCG,NHS Leeds West CCG,4820.7987,4736.9563,4905.736,4856.7324,4772.722,4941.834,4997.9227,4908.927,5088.1069,4885.671,4798.8082,4973.6944,4979.7792,4894.6668,5065.9847,5135.2007,5049.32,5222.1601,5198.9167,5112.6693,5286.2385,5257.6958,5171.0188,5345.4462,5288.5744,5201.8101,5376.4086,5361.8976,5274.7412,5450.1183,5401.4325,5314.0221,5489.9057,5472.7051,5384.8745,5561.5947,5524.9841,5436.91,5614.1135,5552.0125,5463.881,5641.1946,5591.3392,5502.9727,5680.7541,5601.7498,5513.3842,5691.1619,5614.2266,5525.8773,5703.6201,5613.4476,5525.4223,5702.5094
