"","X","lng","lat","order","piece","id","group","Quantity","Year","From","To"
"199",199,4,50.833333,1,1,10,10.1,191012,2013,"Belgium","Germany"
"200",200,4.3049527538552,50.8731807926651,2,1,10,10.1,191012,2013,"Belgium","Germany"
"201",201,4.61042218238192,50.9122326844885,3,1,10,10.1,191012,2013,"Belgium","Germany"
"202",202,4.91639940185919,50.9504862287748,4,1,10,10.1,191012,2013,"Belgium","Germany"
"203",203,5.22287540711371,50.9879390194321,5,1,10,10.1,191012,2013,"Belgium","Germany"
"204",204,5.5298410729541,51.024588691663,6,1,10,10.1,191012,2013,"Belgium","Germany"
"205",205,5.83728715567108,51.0604329226489,7,1,10,10.1,191012,2013,"Belgium","Germany"
"206",206,6.14520429460349,51.0954694322261,8,1,10,10.1,191012,2013,"Belgium","Germany"
"207",207,6.45358301376975,51.1296959835544,9,1,10,10.1,191012,2013,"Belgium","Germany"
"208",208,6.76241372356466,51.1631103837764,10,1,10,10.1,191012,2013,"Belgium","Germany"
"209",209,7.0716867225208,51.1957104846689,11,1,10,10.1,191012,2013,"Belgium","Germany"
"210",210,7.38139219913442,51.2274941832837,12,1,10,10.1,191012,2013,"Belgium","Germany"
"211",211,7.69152023375503,51.25845942258,13,1,10,10.1,191012,2013,"Belgium","Germany"
"212",212,8.00206080053825,51.2886041920453,14,1,10,10.1,191012,2013,"Belgium","Germany"
"213",213,8.31300376946118,51.3179265283065,15,1,10,10.1,191012,2013,"Belgium","Germany"
"214",214,8.62433890839959,51.3464245157295,16,1,10,10.1,191012,2013,"Belgium","Germany"
"215",215,8.93605588526623,51.3740962870078,17,1,10,10.1,191012,2013,"Belgium","Germany"
"216",216,9.24814427020921,51.4009400237386,18,1,10,10.1,191012,2013,"Belgium","Germany"
"217",217,9.56059353786972,51.4269539569871,19,1,10,10.1,191012,2013,"Belgium","Germany"
"218",218,9.87339306969803,51.452136367838,20,1,10,10.1,191012,2013,"Belgium","Germany"
"219",219,10.1865321563267,51.4764855879338,21,1,10,10.1,191012,2013,"Belgium","Germany"
"220",220,10.5,51.5,22,1,10,10.1,191012,2013,"Belgium","Germany"
"243",243,4,50.833333,1,1,12,12.1,691438,2013,"Belgium","Netherlands"
"244",244,4.08046429255743,50.9132759435261,2,1,12,12.1,691438,2013,"Belgium","Netherlands"
"245",245,4.16120538989015,50.993163395462,3,1,12,12.1,691438,2013,"Belgium","Netherlands"
"246",246,4.2422248439465,51.0729950057878,4,1,12,12.1,691438,2013,"Belgium","Netherlands"
"247",247,4.32352421599378,51.1527704218772,5,1,12,12.1,691438,2013,"Belgium","Netherlands"
"248",248,4.40510507666706,51.2324892884754,6,1,12,12.1,691438,2013,"Belgium","Netherlands"
"249",249,4.48696900601791,51.3121512476775,7,1,12,12.1,691438,2013,"Belgium","Netherlands"
"250",250,4.56911759356305,51.3917559389059,8,1,12,12.1,691438,2013,"Belgium","Netherlands"
"251",251,4.65155243833294,51.4713029988884,9,1,12,12.1,691438,2013,"Belgium","Netherlands"
"252",252,4.73427514892024,51.5507920616353,10,1,12,12.1,691438,2013,"Belgium","Netherlands"
"253",253,4.81728734352818,51.6302227584168,11,1,12,12.1,691438,2013,"Belgium","Netherlands"
"254",254,4.90059065001879,51.7095947177401,12,1,12,12.1,691438,2013,"Belgium","Netherlands"
"255",255,4.98418670596103,51.7889075653263,13,1,12,12.1,691438,2013,"Belgium","Netherlands"
"256",256,5.06807715867872,51.8681609240871,14,1,12,12.1,691438,2013,"Belgium","Netherlands"
"257",257,5.15226366529836,51.9473544141013,15,1,12,12.1,691438,2013,"Belgium","Netherlands"
"258",258,5.23674789279679,52.0264876525914,16,1,12,12.1,691438,2013,"Belgium","Netherlands"
"259",259,5.3215315180486,52.1055602538992,17,1,12,12.1,691438,2013,"Belgium","Netherlands"
"260",260,5.40661622787342,52.1845718294622,18,1,12,12.1,691438,2013,"Belgium","Netherlands"
"261",261,5.49200371908297,52.2635219877894,19,1,12,12.1,691438,2013,"Belgium","Netherlands"
"262",262,5.57769569852787,52.3424103344364,20,1,12,12.1,691438,2013,"Belgium","Netherlands"
"263",263,5.66369388314423,52.4212364719815,21,1,12,12.1,691438,2013,"Belgium","Netherlands"
"264",264,5.75,52.5,22,1,12,12.1,691438,2013,"Belgium","Netherlands"
"771",771,15,49.75,1,1,36,36.1,106798,2013,"Czech Republic","Slovakia"
"772",772,15.2187029177495,49.7024257438642,2,1,36,36.1,106798,2013,"Czech Republic","Slovakia"
"773",773,15.4369761132756,49.6544405022912,3,1,36,36.1,106798,2013,"Czech Republic","Slovakia"
"774",774,15.6548174852175,49.6060457813005,4,1,36,36.1,106798,2013,"Czech Republic","Slovakia"
"775",775,15.8722249787726,49.5572430925983,5,1,36,36.1,106798,2013,"Czech Republic","Slovakia"
"776",776,16.0891965855509,49.5080339533915,6,1,36,36.1,106798,2013,"Czech Republic","Slovakia"
"777",777,16.3057303434184,49.4584198862027,7,1,36,36.1,106798,2013,"Czech Republic","Slovakia"
"778",778,16.5218243363333,49.4084024186873,8,1,36,36.1,106798,2013,"Czech Republic","Slovakia"
"779",779,16.7374766941725,49.3579830834499,9,1,36,36.1,106798,2013,"Czech Republic","Slovakia"
"780",780,16.9526855925503,49.3071634178639,10,1,36,36.1,106798,2013,"Czech Republic","Slovakia"
"781",781,17.1674492526291,49.2559449638907,11,1,36,36.1,106798,2013,"Czech Republic","Slovakia"
"782",782,17.3817659409211,49.2043292679013,12,1,36,36.1,106798,2013,"Czech Republic","Slovakia"
"783",783,17.5956339690836,49.1523178804986,13,1,36,36.1,106798,2013,"Czech Republic","Slovakia"
"784",784,17.8090516937051,49.0999123563408,14,1,36,36.1,106798,2013,"Czech Republic","Slovakia"
"785",785,18.0220175160853,49.0471142539671,15,1,36,36.1,106798,2013,"Czech Republic","Slovakia"
"786",786,18.2345298820071,48.9939251356235,16,1,36,36.1,106798,2013,"Czech Republic","Slovakia"
"787",787,18.4465872815014,48.9403465670911,17,1,36,36.1,106798,2013,"Czech Republic","Slovakia"
"788",788,18.6581882486057,48.8863801175154,18,1,36,36.1,106798,2013,"Czech Republic","Slovakia"
"789",789,18.8693313611154,48.8320273592368,19,1,36,36.1,106798,2013,"Czech Republic","Slovakia"
"790",790,19.0800152403288,48.7772898676229,20,1,36,36.1,106798,2013,"Czech Republic","Slovakia"
"791",791,19.2902385507856,48.7221692209024,21,1,36,36.1,106798,2013,"Czech Republic","Slovakia"
"792",792,19.5,48.666667,22,1,36,36.1,106798,2013,"Czech Republic","Slovakia"
"903",903,10,56,1,1,42,42.1,216287,2013,"Denmark","Czech Republic"
"904",904,10.273366471697,55.7075148260919,2,1,42,42.1,216287,2013,"Denmark","Czech Republic"
"905",905,10.5426666341889,55.414431567334,3,1,42,42.1,216287,2013,"Denmark","Czech Republic"
"906",906,10.807996413148,55.1207655081487,4,1,42,42.1,216287,2013,"Denmark","Czech Republic"
"907",907,11.0694490877995,54.8265314547978,5,1,42,42.1,216287,2013,"Denmark","Czech Republic"
"908",908,11.3271153692902,54.5317437527971,6,1,42,42.1,216287,2013,"Denmark","Czech Republic"
"909",909,11.5810834770399,54.2364163036409,7,1,42,42.1,216287,2013,"Denmark","Czech Republic"
"910",910,11.8314392130802,53.9405625808649,8,1,42,42.1,216287,2013,"Denmark","Czech Republic"
"911",911,12.078266034392,53.6441956454752,9,1,42,42.1,216287,2013,"Denmark","Czech Republic"
"912",912,12.3216451232575,53.3473281607668,10,1,42,42.1,216287,2013,"Denmark","Czech Republic"
"913",913,12.561655455648,53.0499724065585,11,1,42,42.1,216287,2013,"Denmark","Czech Republic"
"914",914,12.7983738676732,52.7521402928671,12,1,42,42.1,216287,2013,"Denmark","Czech Republic"
"915",915,13.0318751201206,52.453843373043,13,1,42,42.1,216287,2013,"Denmark","Czech Republic"
"916",916,13.2622319611161,52.1550928563914,14,1,42,42.1,216287,2013,"Denmark","Czech Republic"
"917",917,13.4895151869403,51.8558996202982,15,1,42,42.1,216287,2013,"Denmark","Czech Republic"
"918",918,13.7137937010373,51.5562742218823,16,1,42,42.1,216287,2013,"Denmark","Czech Republic"
"919",919,13.9351345712524,51.2562269091928,17,1,42,42.1,216287,2013,"Denmark","Czech Republic"
"920",920,14.1536030853387,50.9557676319711,18,1,42,42.1,216287,2013,"Denmark","Czech Republic"
"921",921,14.3692628047725,50.6549060519947,19,1,42,42.1,216287,2013,"Denmark","Czech Republic"
"922",922,14.5821756169177,50.3536515530211,20,1,42,42.1,216287,2013,"Denmark","Czech Republic"
"923",923,14.7924017855813,50.0520132503469,21,1,42,42.1,216287,2013,"Denmark","Czech Republic"
"924",924,15,49.75,22,1,42,42.1,216287,2013,"Denmark","Czech Republic"
"991",991,10,56,1,1,46,46.1,6657843,2013,"Denmark","Germany"
"992",992,10.0263865608527,55.785764178344,2,1,46,46.1,6657843,2013,"Denmark","Germany"
"993",993,10.0524845038359,55.5715227681217,3,1,46,46.1,6657843,2013,"Denmark","Germany"
"994",994,10.0782992492469,55.3572758744292,4,1,46,46.1,6657843,2013,"Denmark","Germany"
"995",995,10.1038360850993,55.143023599793,5,1,46,46.1,6657843,2013,"Denmark","Germany"
"996",996,10.1291001711509,54.9287660442491,6,1,46,46.1,6657843,2013,"Denmark","Germany"
"997",997,10.1540965427853,54.7145033054176,7,1,46,46.1,6657843,2013,"Denmark","Germany"
"998",998,10.1788301147537,54.5002354785762,8,1,46,46.1,6657843,2013,"Denmark","Germany"
"999",999,10.2033056847825,54.2859626567304,9,1,46,46.1,6657843,2013,"Denmark","Germany"
"1000",1000,10.2275279370533,54.0716849306807,10,1,46,46.1,6657843,2013,"Denmark","Germany"
"1001",1001,10.2515014455589,53.8574023890883,11,1,46,46.1,6657843,2013,"Denmark","Germany"
"1002",1002,10.275230677342,53.6431151185381,12,1,46,46.1,6657843,2013,"Denmark","Germany"
"1003",1003,10.29871999562,53.4288232035992,13,1,46,46.1,6657843,2013,"Denmark","Germany"
"1004",1004,10.3219736628016,53.2145267268839,14,1,46,46.1,6657843,2013,"Denmark","Germany"
"1005",1005,10.344995843399,53.0002257691042,15,1,46,46.1,6657843,2013,"Denmark","Germany"
"1006",1006,10.3677906068401,52.7859204091262,16,1,46,46.1,6657843,2013,"Denmark","Germany"
"1007",1007,10.3903619301842,52.5716107240236,17,1,46,46.1,6657843,2013,"Denmark","Germany"
"1008",1008,10.412713700746,52.357296789128,18,1,46,46.1,6657843,2013,"Denmark","Germany"
"1009",1009,10.4348497186304,52.1429786780785,19,1,46,46.1,6657843,2013,"Denmark","Germany"
"1010",1010,10.4567736991826,51.9286564628694,20,1,46,46.1,6657843,2013,"Denmark","Germany"
"1011",1011,10.4784892753556,51.7143302138963,21,1,46,46.1,6657843,2013,"Denmark","Germany"
"1012",1012,10.5,51.5,22,1,46,46.1,6657843,2013,"Denmark","Germany"
"1079",1079,10,56,1,1,50,50.1,287564,2013,"Denmark","Italy"
"1080",1080,10.1756275430983,55.3748293144077,2,1,50,50.1,287564,2013,"Denmark","Italy"
"1081",1081,10.3457896593172,54.7494147470809,3,1,50,50.1,287564,2013,"Denmark","Italy"
"1082",1082,10.5107743455237,54.1237692369113,4,1,50,50.1,287564,2013,"Denmark","Italy"
"1083",1083,10.6708502258826,53.4979048447899,5,1,50,50.1,287564,2013,"Denmark","Italy"
"1084",1084,10.8262681529963,52.8718328269265,6,1,50,50.1,287564,2013,"Denmark","Italy"
"1085",1085,10.9772626540797,52.2455637009858,7,1,50,50.1,287564,2013,"Denmark","Italy"
"1086",1086,11.1240532392803,51.6191073058446,8,1,50,50.1,287564,2013,"Denmark","Italy"
"1087",1087,11.2668455871439,50.9924728556753,9,1,50,50.1,287564,2013,"Denmark","Italy"
"1088",1088,11.4058326204007,50.3656689889697,10,1,50,50.1,287564,2013,"Denmark","Italy"
"1089",1089,11.5411954836674,49.7387038130464,11,1,50,50.1,287564,2013,"Denmark","Italy"
"1090",1090,11.6731044332896,49.1115849445178,12,1,50,50.1,287564,2013,"Denmark","Italy"
"1091",1091,11.8017196483545,48.4843195461366,13,1,50,50.1,287564,2013,"Denmark","Italy"
"1092",1092,11.9271919708678,47.8569143603935,14,1,50,50.1,287564,2013,"Denmark","Italy"
"1093",1093,12.0496635821774,47.2293757401942,15,1,50,50.1,287564,2013,"Denmark","Italy"
"1094",1094,12.1692686219349,46.6017096769072,16,1,50,50.1,287564,2013,"Denmark","Italy"
"1095",1095,12.2861337551902,45.9739218260409,17,1,50,50.1,287564,2013,"Denmark","Italy"
"1096",1096,12.4003786926037,45.3460175307797,18,1,50,50.1,287564,2013,"Denmark","Italy"
"1097",1097,12.5121166682217,44.718001843585,19,1,50,50.1,287564,2013,"Denmark","Italy"
"1098",1098,12.6214548787907,44.0898795460432,20,1,50,50.1,287564,2013,"Denmark","Italy"
"1099",1099,12.7284948881655,43.4616551671248,21,1,50,50.1,287564,2013,"Denmark","Italy"
"1100",1100,12.833333,42.833333,22,1,50,50.1,287564,2013,"Denmark","Italy"
"1145",1145,10,56,1,1,53,53.1,120432,2013,"Denmark","Netherlands"
"1146",1146,9.78060071961503,55.8368757825988,2,1,53,53.1,120432,2013,"Denmark","Netherlands"
"1147",1147,9.56303672774661,55.6733644608645,3,1,53,53.1,120432,2013,"Denmark","Netherlands"
"1148",1148,9.34728582628119,55.5094716146993,4,1,53,53.1,120432,2013,"Denmark","Netherlands"
"1149",1149,9.13332607126834,55.3452027318272,5,1,53,53.1,120432,2013,"Denmark","Netherlands"
"1150",1150,8.92113577206953,55.1805632093688,6,1,53,53.1,120432,2013,"Denmark","Netherlands"
"1151",1151,8.71069349037947,55.0155583553958,7,1,53,53.1,120432,2013,"Denmark","Netherlands"
"1152",1152,8.50197803912785,54.8501933904633,8,1,53,53.1,120432,2013,"Denmark","Netherlands"
"1153",1153,8.29496848126943,54.6844734491211,9,1,53,53.1,120432,2013,"Denmark","Netherlands"
"1154",1154,8.08964412846946,54.5184035814032,10,1,53,53.1,120432,2013,"Denmark","Netherlands"
"1155",1155,7.88598453969179,54.3519887542961,11,1,53,53.1,120432,2013,"Denmark","Netherlands"
"1156",1156,7.68396951969605,54.1852338531853,12,1,53,53.1,120432,2013,"Denmark","Netherlands"
"1157",1157,7.48357911745044,54.0181436832799,13,1,53,53.1,120432,2013,"Denmark","Netherlands"
"1158",1158,7.28479362446616,53.8507229710161,14,1,53,53.1,120432,2013,"Denmark","Netherlands"
"1159",1159,7.08759357305925,53.6829763654393,15,1,53,53.1,120432,2013,"Denmark","Netherlands"
"1160",1160,6.89195973454543,53.514908439564,16,1,53,53.1,120432,2013,"Denmark","Netherlands"
"1161",1161,6.69787311737302,53.3465236917133,17,1,53,53.1,120432,2013,"Denmark","Netherlands"
"1162",1162,6.50531496519924,53.1778265468364,18,1,53,53.1,120432,2013,"Denmark","Netherlands"
"1163",1163,6.31426675491428,53.0088213578056,19,1,53,53.1,120432,2013,"Denmark","Netherlands"
"1164",1164,6.12471019461796,52.8395124066917,20,1,53,53.1,120432,2013,"Denmark","Netherlands"
"1165",1165,5.93662722155316,52.6699039060191,21,1,53,53.1,120432,2013,"Denmark","Netherlands"
"1166",1166,5.75,52.5,22,1,53,53.1,120432,2013,"Denmark","Netherlands"
"1167",1167,10,56,1,1,54,54.1,2833320,2013,"Denmark","Poland"
"1168",1168,10.520663380567,55.8293004462768,2,1,54,54.1,2833320,2013,"Denmark","Poland"
"1169",1169,11.0367478019739,55.6564214933391,3,1,54,54.1,2833320,2013,"Denmark","Poland"
"1170",1170,11.5482662210198,55.4813963293257,4,1,54,54.1,2833320,2013,"Denmark","Poland"
"1171",1171,12.0552336474572,55.3042578836543,5,1,54,54.1,2833320,2013,"Denmark","Poland"
"1172",1172,12.5576670474947,55.1250388134452,6,1,54,54.1,2833320,2013,"Denmark","Poland"
"1173",1173,13.0555852487716,54.9437714909087,7,1,54,54.1,2833320,2013,"Denmark","Poland"
"1174",1174,13.5490088469578,54.7604879916667,8,1,54,54.1,2833320,2013,"Denmark","Poland"
"1175",1175,14.0379601141163,54.575220083984,9,1,54,54.1,2833320,2013,"Denmark","Poland"
"1176",1176,14.5224629089496,54.3879992188761,10,1,54,54.1,2833320,2013,"Denmark","Poland"
"1177",1177,15.0025425890357,54.1988565210681,11,1,54,54.1,2833320,2013,"Denmark","Poland"
"1178",1178,15.4782259251466,54.0078227807717,12,1,54,54.1,2833320,2013,"Denmark","Poland"
"1179",1179,15.9495410177281,53.8149284462507,13,1,54,54.1,2833320,2013,"Denmark","Poland"
"1180",1180,16.4165172156045,53.6202036171463,14,1,54,54.1,2833320,2013,"Denmark","Poland"
"1181",1181,16.8791850369647,53.4236780385277,15,1,54,54.1,2833320,2013,"Denmark","Poland"
"1182",1182,17.3375760926697,53.2253810956426,16,1,54,54.1,2833320,2013,"Denmark","Poland"
"1183",1183,17.7917230119147,53.0253418093319,17,1,54,54.1,2833320,2013,"Denmark","Poland"
"1184",1184,18.2416593702671,52.8235888320834,18,1,54,54.1,2833320,2013,"Denmark","Poland"
"1185",1185,18.6874196200929,52.6201504446913,19,1,54,54.1,2833320,2013,"Denmark","Poland"
"1186",1186,19.1290390233773,52.4150545534939,20,1,54,54.1,2833320,2013,"Denmark","Poland"
"1187",1187,19.5665535869351,52.2083286881607,21,1,54,54.1,2833320,2013,"Denmark","Poland"
"1188",1188,20,52,22,1,54,54.1,2833320,2013,"Denmark","Poland"
"1497",1497,26,59,1,1,69,69.1,108131,2013,"Estonia","Lithuania"
"1498",1498,25.8969896824987,58.8578905356162,2,1,69,69.1,108131,2013,"Estonia","Lithuania"
"1499",1499,25.7948218185027,58.715699766397,3,1,69,69.1,108131,2013,"Estonia","Lithuania"
"1500",1500,25.6934853416224,58.5734288059087,4,1,69,69.1,108131,2013,"Estonia","Lithuania"
"1501",1501,25.5929693671673,58.4310787483241,5,1,69,69.1,108131,2013,"Estonia","Lithuania"
"1502",1502,25.4932631886253,58.2886506688309,6,1,69,69.1,108131,2013,"Estonia","Lithuania"
"1503",1503,25.3943562742168,58.1461456240294,7,1,69,69.1,108131,2013,"Estonia","Lithuania"
"1504",1504,25.296238263523,58.0035646523206,8,1,69,69.1,108131,2013,"Estonia","Lithuania"
"1505",1505,25.1988989641866,57.8609087742856,9,1,69,69.1,108131,2013,"Estonia","Lithuania"
"1506",1506,25.1023283486822,57.7181789930553,10,1,69,69.1,108131,2013,"Estonia","Lithuania"
"1507",1507,25.0065165511576,57.5753762946715,11,1,69,69.1,108131,2013,"Estonia","Lithuania"
"1508",1508,24.9114538643401,57.4325016484393,12,1,69,69.1,108131,2013,"Estonia","Lithuania"
"1509",1509,24.8171307365114,57.2895560072713,13,1,69,69.1,108131,2013,"Estonia","Lithuania"
"1510",1510,24.7235377685448,57.1465403080235,14,1,69,69.1,108131,2013,"Estonia","Lithuania"
"1511",1511,24.6306657110069,57.0034554718233,15,1,69,69.1,108131,2013,"Estonia","Lithuania"
"1512",1512,24.5385054613201,56.8603024043897,16,1,69,69.1,108131,2013,"Estonia","Lithuania"
"1513",1513,24.447048060986,56.7170819963463,17,1,69,69.1,108131,2013,"Estonia","Lithuania"
"1514",1514,24.3562846928669,56.5737951235263,18,1,69,69.1,108131,2013,"Estonia","Lithuania"
"1515",1515,24.2662066785258,56.430442647271,19,1,69,69.1,108131,2013,"Estonia","Lithuania"
"1516",1516,24.1768054756218,56.2870254147214,20,1,69,69.1,108131,2013,"Estonia","Lithuania"
"1517",1517,24.0880726753607,56.1435442591021,21,1,69,69.1,108131,2013,"Estonia","Lithuania"
"1518",1518,24,56,22,1,69,69.1,108131,2013,"Estonia","Lithuania"
"1629",1629,2,46,1,1,75,75.1,343099,2013,"France","Belgium"
"1630",1630,2.08704645097816,46.2309023743706,2,1,75,75.1,343099,2013,"France","Belgium"
"1631",1631,2.17482830077868,46.4617381290917,3,1,75,75.1,343099,2013,"France","Belgium"
"1632",1632,2.26335757590727,46.6925061549771,4,1,75,75.1,343099,2013,"France","Belgium"
"1633",1633,2.35264654658801,46.9232053197692,5,1,75,75.1,343099,2013,"France","Belgium"
"1634",1634,2.44270773296071,47.1538344675325,6,1,75,75.1,343099,2013,"France","Belgium"
"1635",1635,2.53355391146213,47.3843924180293,7,1,75,75.1,343099,2013,"France","Belgium"
"1636",1636,2.62519812139763,47.6148779660752,8,1,75,75.1,343099,2013,"France","Belgium"
"1637",1637,2.71765367170942,47.845289880875,9,1,75,75.1,343099,2013,"France","Belgium"
"1638",1638,2.81093414794834,48.075626905337,10,1,75,75.1,343099,2013,"France","Belgium"
"1639",1639,2.90505341945592,48.3058877553666,11,1,75,75.1,343099,2013,"France","Belgium"
"1640",1640,3.00002564676418,48.5360711191368,12,1,75,75.1,343099,2013,"France","Belgium"
"1641",1641,3.09586528922039,48.7661756563359,13,1,75,75.1,343099,2013,"France","Belgium"
"1642",1642,3.19258711284483,48.9961999973904,14,1,75,75.1,343099,2013,"France","Belgium"
"1643",1643,3.29020619842945,49.2261427426641,15,1,75,75.1,343099,2013,"France","Belgium"
"1644",1644,3.38873794988583,49.4560024616302,16,1,75,75.1,343099,2013,"France","Belgium"
"1645",1645,3.48819810285124,49.6857776920171,17,1,75,75.1,343099,2013,"France","Belgium"
"1646",1646,3.58860273356171,49.9154669389263,18,1,75,75.1,343099,2013,"France","Belgium"
"1647",1647,3.68996826800156,50.145068673921,19,1,75,75.1,343099,2013,"France","Belgium"
"1648",1648,3.79231149133916,50.3745813340857,20,1,75,75.1,343099,2013,"France","Belgium"
"1649",1649,3.89564955765888,50.604003321053,21,1,75,75.1,343099,2013,"France","Belgium"
"1650",1650,4,50.833333,22,1,75,75.1,343099,2013,"France","Belgium"
"1739",1739,2,46,1,1,80,80.1,161635,2013,"France","Germany"
"1740",1740,2.3643436342833,46.2752062669554,2,1,80,80.1,161635,2013,"France","Germany"
"1741",1741,2.73235733520483,46.5492435856255,3,1,80,80.1,161635,2013,"France","Germany"
"1742",1742,3.10409775531715,46.8220887868449,4,1,80,80.1,161635,2013,"France","Germany"
"1743",1743,3.47962208494397,47.0937182232127,5,1,80,80.1,161635,2013,"France","Germany"
"1744",1744,3.85898803368354,47.3641077603522,6,1,80,80.1,161635,2013,"France","Germany"
"1745",1745,4.24225380994493,47.6332327681815,7,1,80,80.1,161635,2013,"France","Germany"
"1746",1746,4.62947809840688,47.9010681122076,8,1,80,80.1,161635,2013,"France","Germany"
"1747",1747,5.02072003528427,48.1675881448634,9,1,80,80.1,161635,2013,"France","Germany"
"1748",1748,5.41603918128373,48.4327666969048,10,1,80,80.1,161635,2013,"France","Germany"
"1749",1749,5.81549549212623,48.6965770688872,11,1,80,80.1,161635,2013,"France","Germany"
"1750",1750,6.21914928651047,48.9589920227434,12,1,80,80.1,161635,2013,"France","Germany"
"1751",1751,6.62706121138755,49.2199837734851,13,1,80,80.1,161635,2013,"France","Germany"
"1752",1752,7.0392922044141,49.4795239810525,14,1,80,80.1,161635,2013,"France","Germany"
"1753",1753,7.45590345344787,49.7375837423373,15,1,80,80.1,161635,2013,"France","Germany"
"1754",1754,7.87695635294675,49.9941335834085,16,1,80,80.1,161635,2013,"France","Germany"
"1755",1755,8.30251245713002,50.2491434519691,17,1,80,80.1,161635,2013,"France","Germany"
"1756",1756,8.73263342975805,50.5025827100757,18,1,80,80.1,161635,2013,"France","Germany"
"1757",1757,9.16738099038529,50.7544201271549,19,1,80,80.1,161635,2013,"France","Germany"
"1758",1758,9.60681685693994,51.0046238733525,20,1,80,80.1,161635,2013,"France","Germany"
"1759",1759,10.0510026844831,51.2531615132513,21,1,80,80.1,161635,2013,"France","Germany"
"1760",1760,10.5,51.5,22,1,80,80.1,161635,2013,"France","Germany"
"2113",2113,10.5,51.5,1,1,97,97.1,597383,2013,"Germany","Austria"
"2114",2114,10.6463518943273,51.3032326575318,2,1,97,97.1,597383,2013,"Germany","Austria"
"2115",2115,10.7914537122578,51.1062844640216,3,1,97,97.1,597383,2013,"Germany","Austria"
"2116",2116,10.9353236711785,50.9091582173295,4,1,97,97.1,597383,2013,"Germany","Austria"
"2117",2117,11.0779796725798,50.7118566621419,5,1,97,97.1,597383,2013,"Germany","Austria"
"2118",2118,11.2194393083157,50.5143824911795,6,1,97,97.1,597383,2013,"Germany","Austria"
"2119",2119,11.3597198667368,50.3167383463738,7,1,97,97.1,597383,2013,"Germany","Austria"
"2120",2120,11.4988383387001,50.1189268200142,8,1,97,97.1,597383,2013,"Germany","Austria"
"2121",2121,11.6368114234565,49.9209504558658,9,1,97,97.1,597383,2013,"Germany","Austria"
"2122",2122,11.7736555344186,49.7228117502597,10,1,97,97.1,597383,2013,"Germany","Austria"
"2123",2123,11.9093868048112,49.5245131531548,11,1,97,97.1,597383,2013,"Germany","Austria"
"2124",2124,12.0440210932048,49.3260570691734,12,1,97,97.1,597383,2013,"Germany","Austria"
"2125",2125,12.1775739889376,49.127445858611,13,1,97,97.1,597383,2013,"Germany","Austria"
"2126",2126,12.3100608174237,48.9286818384205,14,1,97,97.1,597383,2013,"Germany","Austria"
"2127",2127,12.4414966453538,48.7297672831717,15,1,97,97.1,597383,2013,"Germany","Austria"
"2128",2128,12.5718962857873,48.5307044259874,16,1,97,97.1,597383,2013,"Germany","Austria"
"2129",2129,12.701274303139,48.3314954594554,17,1,97,97.1,597383,2013,"Germany","Austria"
"2130",2130,12.8296450180636,48.1321425365186,18,1,97,97.1,597383,2013,"Germany","Austria"
"2131",2131,12.9570225122372,47.9326477713424,19,1,97,97.1,597383,2013,"Germany","Austria"
"2132",2132,13.0834206330405,47.7330132401614,20,1,97,97.1,597383,2013,"Germany","Austria"
"2133",2133,13.2088529981446,47.5332409821045,21,1,97,97.1,597383,2013,"Germany","Austria"
"2134",2134,13.333333,47.333333,22,1,97,97.1,597383,2013,"Germany","Austria"
"2223",2223,10.5,51.5,1,1,102,102.1,198094,2013,"Germany","Czech Republic"
"2224",2224,10.7219247629053,51.4206778928967,2,1,102,102.1,198094,2013,"Germany","Czech Republic"
"2225",2225,10.9430785260657,51.3409381971178,3,1,102,102.1,198094,2013,"Germany","Czech Republic"
"2226",2226,11.1634621508395,51.2607835510757,4,1,102,102.1,198094,2013,"Germany","Czech Republic"
"2227",2227,11.3830765599869,51.1802165852452,5,1,102,102.1,198094,2013,"Germany","Czech Republic"
"2228",2228,11.6019227365136,51.0992399219665,6,1,102,102.1,198094,2013,"Germany","Czech Republic"
"2229",2229,11.8200017225203,51.0178561752547,7,1,102,102.1,198094,2013,"Germany","Czech Republic"
"2230",2230,12.0373146180582,50.9360679506133,8,1,102,102.1,198094,2013,"Germany","Czech Republic"
"2231",2231,12.2538625799914,50.8538778448544,9,1,102,102.1,198094,2013,"Germany","Czech Republic"
"2232",2232,12.4696468208666,50.7712884459232,10,1,102,102.1,198094,2013,"Germany","Czech Republic"
"2233",2233,12.6846686077894,50.6883023327289,11,1,102,102.1,198094,2013,"Germany","Czech Republic"
"2234",2234,12.8989292613087,50.6049220749794,12,1,102,102.1,198094,2013,"Germany","Czech Republic"
"2235",2235,13.1124301543092,50.5211502330224,13,1,102,102.1,198094,2013,"Germany","Czech Republic"
"2236",2236,13.3251727109118,50.4369893576912,14,1,102,102.1,198094,2013,"Germany","Czech Republic"
"2237",2237,13.5371584053824,50.3524419901548,15,1,102,102.1,198094,2013,"Germany","Czech Republic"
"2238",2238,13.7483887610498,50.2675106617742,16,1,102,102.1,198094,2013,"Germany","Czech Republic"
"2239",2239,13.9588653492323,50.1821978939626,17,1,102,102.1,198094,2013,"Germany","Czech Republic"
"2240",2240,14.1685897881735,50.096506198051,18,1,102,102.1,198094,2013,"Germany","Czech Republic"
"2241",2241,14.3775637419879,50.0104380751582,19,1,102,102.1,198094,2013,"Germany","Czech Republic"
"2242",2242,14.5857889196158,49.9239960160654,20,1,102,102.1,198094,2013,"Germany","Czech Republic"
"2243",2243,14.7932670737878,49.8371825010961,21,1,102,102.1,198094,2013,"Germany","Czech Republic"
"2244",2244,15,49.75,22,1,102,102.1,198094,2013,"Germany","Czech Republic"
"2289",2289,10.5,51.5,1,1,105,105.1,476936,2013,"Germany","Hungary"
"2290",2290,10.9926995615809,51.3042921323956,2,1,105,105.1,476936,2013,"Germany","Hungary"
"2291",2291,11.4811932402178,51.1065345484275,3,1,105,105.1,476936,2013,"Germany","Hungary"
"2292",2292,11.9655035607262,50.9067590865638,4,1,105,105.1,476936,2013,"Germany","Hungary"
"2293",2293,12.4456543840418,50.7049972649022,5,1,105,105.1,476936,2013,"Germany","Hungary"
"2294",2294,12.9216708328146,50.5012802733751,6,1,105,105.1,476936,2013,"Germany","Hungary"
"2295",2295,13.3935792188393,50.2956389666872,7,1,105,105.1,476936,2013,"Germany","Hungary"
"2296",2296,13.8614069723734,50.0881038579571,8,1,105,105.1,476936,2013,"Germany","Hungary"
"2297",2297,14.3251825733888,49.8787051130352,9,1,105,105.1,476936,2013,"Germany","Hungary"
"2298",2298,14.7849354847901,49.6674725454714,10,1,105,105.1,476936,2013,"Germany","Hungary"
"2299",2299,15.2406960876268,49.4544356121037,11,1,105,105.1,476936,2013,"Germany","Hungary"
"2300",2300,15.6924956183186,49.2396234092413,12,1,105,105.1,476936,2013,"Germany","Hungary"
"2301",2301,16.1403661079027,49.0230646694155,13,1,105,105.1,476936,2013,"Germany","Hungary"
"2302",2302,16.5843403233101,48.8047877586711,14,1,105,105.1,476936,2013,"Germany","Hungary"
"2303",2303,17.0244517106666,48.5848206743735,15,1,105,105.1,476936,2013,"Germany","Hungary"
"2304",2304,17.4607343406131,48.363191043504,16,1,105,105.1,476936,2013,"Germany","Hungary"
"2305",2305,17.8932228556304,48.1399261214204,17,1,105,105.1,476936,2013,"Germany","Hungary"
"2306",2306,18.3219524193521,47.9150527910571,18,1,105,105.1,476936,2013,"Germany","Hungary"
"2307",2307,18.7469586678436,47.6885975625413,19,1,105,105.1,476936,2013,"Germany","Hungary"
"2308",2308,19.1682776628205,47.4605865732019,20,1,105,105.1,476936,2013,"Germany","Hungary"
"2309",2309,19.5859458467782,47.2310455879485,21,1,105,105.1,476936,2013,"Germany","Hungary"
"2310",2310,20,47,22,1,105,105.1,476936,2013,"Germany","Hungary"
"2333",2333,10.5,51.5,1,1,107,107.1,100303,2013,"Germany","Luxembourg"
"2334",2334,10.2862865206257,51.4203862798142,2,1,107,107.1,100303,2013,"Germany","Luxembourg"
"2335",2335,10.0733180824497,51.3403853049456,3,1,107,107.1,100303,2013,"Germany","Luxembourg"
"2336",2336,9.86109354374228,51.2599995301195,4,1,107,107.1,100303,2013,"Germany","Luxembourg"
"2337",2337,9.64961171082701,51.1792314016561,5,1,107,107.1,100303,2013,"Germany","Luxembourg"
"2338",2338,9.43887133912466,51.0980833573167,6,1,107,107.1,100303,2013,"Germany","Luxembourg"
"2339",2339,9.2288711341893,51.016557826155,7,1,107,107.1,100303,2013,"Germany","Luxembourg"
"2340",2340,9.01960975273721,50.9346572283737,8,1,107,107.1,100303,2013,"Germany","Luxembourg"
"2341",2341,8.81108580366802,50.8523839751848,9,1,107,107.1,100303,2013,"Germany","Luxembourg"
"2342",2342,8.60329784907787,50.7697404686746,10,1,107,107.1,100303,2013,"Germany","Luxembourg"
"2343",2343,8.39624440526442,50.6867291016739,11,1,107,107.1,100303,2013,"Germany","Luxembourg"
"2344",2344,8.18992394372343,50.6033522576316,12,1,107,107.1,100303,2013,"Germany","Luxembourg"
"2345",2345,7.98433489213678,50.5196123104934,13,1,107,107.1,100303,2013,"Germany","Luxembourg"
"2346",2346,7.77947563535166,50.4355116245841,14,1,107,107.1,100303,2013,"Germany","Luxembourg"
"2347",2347,7.57534451635083,50.3510525544952,15,1,107,107.1,100303,2013,"Germany","Luxembourg"
"2348",2348,7.37193983721369,50.2662374449752,16,1,107,107.1,100303,2013,"Germany","Luxembourg"
"2349",2349,7.16925986006806,50.1810686308256,17,1,107,107.1,100303,2013,"Germany","Luxembourg"
"2350",2350,6.96730280803255,50.0955484367994,18,1,107,107.1,100303,2013,"Germany","Luxembourg"
"2351",2351,6.76606686614924,50.0096791775051,19,1,107,107.1,100303,2013,"Germany","Luxembourg"
"2352",2352,6.56555018230672,49.9234631573131,20,1,107,107.1,100303,2013,"Germany","Luxembourg"
"2353",2353,6.36575086815327,49.8369026702674,21,1,107,107.1,100303,2013,"Germany","Luxembourg"
"2354",2354,6.166667,49.75,22,1,107,107.1,100303,2013,"Germany","Luxembourg"
"2355",2355,10.5,51.5,1,1,108,108.1,220830,2013,"Germany","Netherlands"
"2356",2356,10.2787005006632,51.5518982090666,2,1,108,108.1,220830,2013,"Germany","Netherlands"
"2357",2357,10.056897516612,51.6033792240103,3,1,108,108.1,220830,2013,"Germany","Netherlands"
"2358",2358,9.83459306266617,51.6544413262645,4,1,108,108.1,220830,2013,"Germany","Netherlands"
"2359",2359,9.61178920989951,51.7050828021912,5,1,108,108.1,220830,2013,"Germany","Netherlands"
"2360",2360,9.38848808591037,51.7553019433018,6,1,108,108.1,220830,2013,"Germany","Netherlands"
"2361",2361,9.16469187508164,51.8050970464789,7,1,108,108.1,220830,2013,"Germany","Netherlands"
"2362",2362,8.94040281882947,51.8544664141998,8,1,108,108.1,220830,2013,"Germany","Netherlands"
"2363",2363,8.71562321584051,51.9034083547625,9,1,108,108.1,220830,2013,"Germany","Netherlands"
"2364",2364,8.49035542229739,51.9519211825115,10,1,108,108.1,220830,2013,"Germany","Netherlands"
"2365",2365,8.26460185209221,52.0000032180671,11,1,108,108.1,220830,2013,"Germany","Netherlands"
"2366",2366,8.03836497702768,52.0476527885545,12,1,108,108.1,220830,2013,"Germany","Netherlands"
"2367",2367,7.8116473270058,52.0948682278352,13,1,108,108.1,220830,2013,"Germany","Netherlands"
"2368",2368,7.58445149020356,52.1416478767394,14,1,108,108.1,220830,2013,"Germany","Netherlands"
"2369",2369,7.35678011323571,52.1879900832999,15,1,108,108.1,220830,2013,"Germany","Netherlands"
"2370",2370,7.12863590130404,52.2338932029873,16,1,108,108.1,220830,2013,"Germany","Netherlands"
"2371",2371,6.90002161833312,52.2793555989456,17,1,108,108.1,220830,2013,"Germany","Netherlands"
"2372",2372,6.67094008709214,52.3243756422302,18,1,108,108.1,220830,2013,"Germany","Netherlands"
"2373",2373,6.44139418930261,52.3689517120457,19,1,108,108.1,220830,2013,"Germany","Netherlands"
"2374",2374,6.21138686573168,52.4130821959858,20,1,108,108.1,220830,2013,"Germany","Netherlands"
"2375",2375,5.9809211162709,52.4567654902729,21,1,108,108.1,220830,2013,"Germany","Netherlands"
"2376",2376,5.75,52.5,22,1,108,108.1,220830,2013,"Germany","Netherlands"
"2377",2377,10.5,51.5,1,1,109,109.1,1032399,2013,"Germany","Poland"
"2378",2378,10.9465464136539,51.5410648372112,2,1,109,109.1,1032399,2013,"Germany","Poland"
"2379",2379,11.3938827500247,51.5804316896388,3,1,109,109.1,1032399,2013,"Germany","Poland"
"2380",2380,11.8419779855115,51.6180952134999,4,1,109,109.1,1032399,2013,"Germany","Poland"
"2381",2381,12.2908006929443,51.6540502758522,5,1,109,109.1,1032399,2013,"Germany","Poland"
"2382",2382,12.7403190559983,51.6882919579092,6,1,109,109.1,1032399,2013,"Germany","Poland"
"2383",2383,13.1905008841048,51.7208155582379,7,1,109,109.1,1032399,2013,"Germany","Poland"
"2384",2384,13.641313627843,51.7516165958347,8,1,109,109.1,1032399,2013,"Germany","Poland"
"2385",2385,14.0927243947973,51.7806908130744,9,1,109,109.1,1032399,2013,"Germany","Poland"
"2386",2386,14.5446999658624,51.8080341785283,10,1,109,109.1,1032399,2013,"Germany","Poland"
"2387",2387,14.9972068119791,51.8336428896465,11,1,109,109.1,1032399,2013,"Germany","Poland"
"2388",2388,15.4502111112801,51.8575133753009,12,1,109,109.1,1032399,2013,"Germany","Poland"
"2389",2389,15.9036787666267,51.8796422981849,13,1,109,109.1,1032399,2013,"Germany","Poland"
"2390",2390,16.3575754235148,51.9000265570652,14,1,109,109.1,1032399,2013,"Germany","Poland"
"2391",2391,16.811866488328,51.9186632888839,15,1,109,109.1,1032399,2013,"Germany","Poland"
"2392",2392,17.2665171469151,51.9355498707053,16,1,109,109.1,1032399,2013,"Germany","Poland"
"2393",2393,17.7214923834683,51.9506839215068,17,1,109,109.1,1032399,2013,"Germany","Poland"
"2394",2394,18.1767569996768,51.9640633038087,18,1,109,109.1,1032399,2013,"Germany","Poland"
"2395",2395,18.6322756341318,51.9756861251426,19,1,109,109.1,1032399,2013,"Germany","Poland"
"2396",2396,19.088012781956,51.9855507393534,20,1,109,109.1,1032399,2013,"Germany","Poland"
"2397",2397,19.5439328146318,51.9936557477356,21,1,109,109.1,1032399,2013,"Germany","Poland"
"2398",2398,20,52,22,1,109,109.1,1032399,2013,"Germany","Poland"
"2509",2509,10.5,51.5,1,1,115,115.1,107706,2013,"Germany","Spain"
"2510",2510,9.65854732736197,50.9992504466863,2,1,115,115.1,107706,2013,"Germany","Spain"
"2511",2511,8.83516808466111,50.4925865867971,3,1,115,115.1,107706,2013,"Germany","Spain"
"2512",2512,8.02935900423448,49.9802385620647,4,1,115,115.1,107706,2013,"Germany","Spain"
"2513",2513,7.24062131463821,49.4624275027234,5,1,115,115.1,107706,2013,"Germany","Spain"
"2514",2514,6.46846201110232,48.9393657919408,6,1,115,115.1,107706,2013,"Germany","Spain"
"2515",2515,5.71239493823267,48.4112573392479,7,1,115,115.1,107706,2013,"Germany","Spain"
"2516",2516,4.97194170275788,47.8782978599455,8,1,115,115.1,107706,2013,"Germany","Spain"
"2517",2517,4.24663243312481,47.3406751578729,9,1,115,115.1,107706,2013,"Germany","Spain"
"2518",2518,3.53600640168676,46.7985694092953,10,1,115,115.1,107706,2013,"Germany","Spain"
"2519",2519,2.83961252413768,46.2521534460008,11,1,115,115.1,107706,2013,"Germany","Spain"
"2520",2520,2.15700974974973,45.7015930359943,12,1,115,115.1,107706,2013,"Germany","Spain"
"2521",2521,1.48776735489045,45.1470471604468,13,1,115,115.1,107706,2013,"Germany","Spain"
"2522",2522,0.83146515124529,44.588668285787,14,1,115,115.1,107706,2013,"Germany","Spain"
"2523",2523,0.187693619163462,44.0266026300372,15,1,115,115.1,107706,2013,"Germany","Spain"
"2524",2524,-0.443946024413263,43.4609904226719,16,1,115,115.1,107706,2013,"Germany","Spain"
"2525",2525,-1.06384181488161,42.8919661574382,17,1,115,115.1,107706,2013,"Germany","Spain"
"2526",2526,-1.67237107805479,42.3196588377163,18,1,115,115.1,107706,2013,"Germany","Spain"
"2527",2527,-2.26990051045916,41.7441922141133,19,1,115,115.1,107706,2013,"Germany","Spain"
"2528",2528,-2.85678629564621,41.1656850140892,20,1,115,115.1,107706,2013,"Germany","Spain"
"2529",2529,-3.43337425098368,40.5842511634977,21,1,115,115.1,107706,2013,"Germany","Spain"
"2530",2530,-4,40,22,1,115,115.1,107706,2013,"Germany","Spain"
"2531",2531,10.5,51.5,1,1,116,116.1,195020,2013,"Germany","Ukraine"
"2532",2532,11.5636910455562,51.4734386544805,2,1,116,116.1,195020,2013,"Germany","Ukraine"
"2533",2533,12.6259204316222,51.4372671367407,3,1,116,116.1,195020,2013,"Germany","Ukraine"
"2534",2534,13.686246461059,51.3915130791079,4,1,116,116.1,195020,2013,"Germany","Ukraine"
"2535",2535,14.7442332119642,51.3362112873643,5,1,116,116.1,195020,2013,"Germany","Ukraine"
"2536",2536,15.7994518103396,51.2714036126938,6,1,116,116.1,195020,2013,"Germany","Ukraine"
"2537",2537,16.8514816512068,51.1971387990647,7,1,116,116.1,195020,2013,"Germany","Ukraine"
"2538",2538,17.8999115600009,51.1134723073416,8,1,116,116.1,195020,2013,"Germany","Ukraine"
"2539",2539,18.9443408868704,51.0204661175904,9,1,116,116.1,195020,2013,"Germany","Ukraine"
"2540",2540,19.9843805273799,50.9181885111982,10,1,116,116.1,195020,2013,"Germany","Ukraine"
"2541",2541,21.0196538640536,50.8067138345549,11,1,116,116.1,195020,2013,"Germany","Ukraine"
"2542",2542,22.0497976241733,50.6861222461531,12,1,116,116.1,195020,2013,"Germany","Ukraine"
"2543",2543,23.0744626502513,50.5564994490395,13,1,116,116.1,195020,2013,"Germany","Ukraine"
"2544",2544,24.093314580611,50.4179364106099,14,1,116,116.1,195020,2013,"Germany","Ukraine"
"2545",2545,25.1060344385047,50.2705290717653,15,1,116,116.1,195020,2013,"Germany","Ukraine"
"2546",2546,26.1123191291765,50.114378047456,16,1,116,116.1,195020,2013,"Germany","Ukraine"
"2547",2547,27.1118818452031,49.949588320623,17,1,116,116.1,195020,2013,"Germany","Ukraine"
"2548",2548,28.1044523813271,49.7762689315037,18,1,116,116.1,195020,2013,"Germany","Ukraine"
"2549",2549,29.0897773608001,49.5945326642164,19,1,116,116.1,195020,2013,"Germany","Ukraine"
"2550",2550,30.0676203759945,49.4044957324562,20,1,116,116.1,195020,2013,"Germany","Ukraine"
"2551",2551,31.0377620466884,49.2062774660486,21,1,116,116.1,195020,2013,"Germany","Ukraine"
"2552",2552,32,49,22,1,116,116.1,195020,2013,"Germany","Ukraine"
"2905",2905,20,47,1,1,133,133.1,453518,2013,"Hungary","Romania"
"2906",2906,20.2421725314684,46.9573749551194,2,1,133,133.1,453518,2013,"Hungary","Romania"
"2907",2907,20.4839572398119,46.9142401241271,3,1,133,133.1,453518,2013,"Hungary","Romania"
"2908",2908,20.7253507440148,46.870597095144,4,1,133,133.1,453518,2013,"Hungary","Romania"
"2909",2909,20.9663497156874,46.8264474686357,5,1,133,133.1,453518,2013,"Hungary","Romania"
"2910",2910,21.2069508791765,46.7817928571636,6,1,133,133.1,453518,2013,"Hungary","Romania"
"2911",2911,21.4471510116621,46.7366348851356,7,1,133,133.1,453518,2013,"Hungary","Romania"
"2912",2912,21.6869469432389,46.6909751885575,8,1,133,133.1,453518,2013,"Hungary","Romania"
"2913",2913,21.9263355569839,46.6448154147844,9,1,133,133.1,453518,2013,"Hungary","Romania"
"2914",2914,22.1653137890095,46.5981572222715,10,1,133,133.1,453518,2013,"Hungary","Romania"
"2915",2915,22.403878628503,46.5510022803266,11,1,133,133.1,453518,2013,"Hungary","Romania"
"2916",2916,22.6420271177515,46.503352268862,12,1,133,133.1,453518,2013,"Hungary","Romania"
"2917",2917,22.8797563521544,46.4552088781467,13,1,133,133.1,453518,2013,"Hungary","Romania"
"2918",2918,23.1170634802206,46.4065738085604,14,1,133,133.1,453518,2013,"Hungary","Romania"
"2919",2919,23.3539457035539,46.3574487703462,15,1,133,133.1,453518,2013,"Hungary","Romania"
"2920",2920,23.5904002768249,46.3078354833659,16,1,133,133.1,453518,2013,"Hungary","Romania"
"2921",2921,23.826424507729,46.2577356768544,17,1,133,133.1,453518,2013,"Hungary","Romania"
"2922",2922,24.0620157569331,46.2071510891758,18,1,133,133.1,453518,2013,"Hungary","Romania"
"2923",2923,24.2971714380085,46.1560834675803,19,1,133,133.1,453518,2013,"Hungary","Romania"
"2924",2924,24.531889017352,46.1045345679617,20,1,133,133.1,453518,2013,"Hungary","Romania"
"2925",2925,24.766166014095,46.0525061546157,21,1,133,133.1,453518,2013,"Hungary","Romania"
"2926",2926,25,46,22,1,133,133.1,453518,2013,"Hungary","Romania"
"2971",2971,20,47,1,1,136,136.1,177517,2013,"Hungary","Slovakia"
"2972",2972,19.9769057251433,47.0794134167522,2,1,136,136.1,177517,2013,"Hungary","Slovakia"
"2973",2973,19.9537425070045,47.1588221775841,3,1,136,136.1,177517,2013,"Hungary","Slovakia"
"2974",2974,19.9305099510961,47.2382262555795,4,1,136,136.1,177517,2013,"Hungary","Slovakia"
"2975",2975,19.9072076601012,47.3176256236264,5,1,136,136.1,177517,2013,"Hungary","Slovakia"
"2976",2976,19.8838352338476,47.3970202544152,6,1,136,136.1,177517,2013,"Hungary","Slovakia"
"2977",2977,19.8603922692824,47.4764101204367,7,1,136,136.1,177517,2013,"Hungary","Slovakia"
"2978",2978,19.8368783604456,47.5557951939804,8,1,136,136.1,177517,2013,"Hungary","Slovakia"
"2979",2979,19.8132930984435,47.6351754471325,9,1,136,136.1,177517,2013,"Hungary","Slovakia"
"2980",2980,19.7896360714225,47.7145508517743,10,1,136,136.1,177517,2013,"Hungary","Slovakia"
"2981",2981,19.7659068645415,47.79392137958,11,1,136,136.1,177517,2013,"Hungary","Slovakia"
"2982",2982,19.7421050599451,47.8732870020148,12,1,136,136.1,177517,2013,"Hungary","Slovakia"
"2983",2983,19.718230236736,47.9526476903333,13,1,136,136.1,177517,2013,"Hungary","Slovakia"
"2984",2984,19.6942819709468,48.0320034155769,14,1,136,136.1,177517,2013,"Hungary","Slovakia"
"2985",2985,19.670259835512,48.1113541485726,15,1,136,136.1,177517,2013,"Hungary","Slovakia"
"2986",2986,19.6461634002396,48.1906998599303,16,1,136,136.1,177517,2013,"Hungary","Slovakia"
"2987",2987,19.6219922317824,48.2700405200411,17,1,136,136.1,177517,2013,"Hungary","Slovakia"
"2988",2988,19.5977458936086,48.3493760990753,18,1,136,136.1,177517,2013,"Hungary","Slovakia"
"2989",2989,19.5734239459725,48.4287065669799,19,1,136,136.1,177517,2013,"Hungary","Slovakia"
"2990",2990,19.549025945885,48.5080318934772,20,1,136,136.1,177517,2013,"Hungary","Slovakia"
"2991",2991,19.5245514470831,48.5873520480621,21,1,136,136.1,177517,2013,"Hungary","Slovakia"
"2992",2992,19.5,48.666667,22,1,136,136.1,177517,2013,"Hungary","Slovakia"
"3081",3081,-8,53,1,1,141,141.1,465942,2013,"Ireland","United Kingdom"
"3082",3082,-7.81383402776428,53.0506084468727,2,1,141,141.1,465942,2013,"Ireland","United Kingdom"
"3083",3083,-7.62723156860756,53.1009256295966,3,1,141,141.1,465942,2013,"Ireland","United Kingdom"
"3084",3084,-7.44019333556384,53.1509503322938,4,1,141,141.1,465942,2013,"Ireland","United Kingdom"
"3085",3085,-7.25272007411576,53.2006813396052,5,1,141,141.1,465942,2013,"Ireland","United Kingdom"
"3086",3086,-7.06481256245514,53.2501174367905,6,1,141,141.1,465942,2013,"Ireland","United Kingdom"
"3087",3087,-6.87647161174071,53.2992574098297,7,1,141,141.1,465942,2013,"Ireland","United Kingdom"
"3088",3088,-6.6876980663528,53.3481000455253,8,1,141,141.1,465942,2013,"Ireland","United Kingdom"
"3089",3089,-6.4984928041448,53.3966441316064,9,1,141,141.1,465942,2013,"Ireland","United Kingdom"
"3090",3090,-6.30885673669136,53.4448884568329,10,1,141,141.1,465942,2013,"Ireland","United Kingdom"
"3091",3091,-6.11879080953316,53.4928318111018,11,1,141,141.1,465942,2013,"Ireland","United Kingdom"
"3092",3092,-5.92829600241814,53.5404729855537,12,1,141,141.1,465942,2013,"Ireland","United Kingdom"
"3093",3093,-5.73737332953902,53.5878107726814,13,1,141,141.1,465942,2013,"Ireland","United Kingdom"
"3094",3094,-5.546023839767,53.6348439664384,14,1,141,141.1,465942,2013,"Ireland","United Kingdom"
"3095",3095,-5.35424861688157,53.6815713623496,15,1,141,141.1,465942,2013,"Ireland","United Kingdom"
"3096",3096,-5.16204877979617,53.7279917576226,16,1,141,141.1,465942,2013,"Ireland","United Kingdom"
"3097",3097,-4.96942548277968,53.7741039512597,17,1,141,141.1,465942,2013,"Ireland","United Kingdom"
"3098",3098,-4.77637991567355,53.8199067441715,18,1,141,141.1,465942,2013,"Ireland","United Kingdom"
"3099",3099,-4.58291330410446,53.8653989392911,19,1,141,141.1,465942,2013,"Ireland","United Kingdom"
"3100",3100,-4.38902690969236,53.9105793416899,20,1,141,141.1,465942,2013,"Ireland","United Kingdom"
"3101",3101,-4.19472203025372,53.9554467586936,21,1,141,141.1,465942,2013,"Ireland","United Kingdom"
"3102",3102,-4,54,22,1,141,141.1,465942,2013,"Ireland","United Kingdom"
"3367",3367,24,56,1,1,154,154.1,327063,2013,"Lithuania","Poland"
"3368",3368,23.7912411243437,55.8126894100232,2,1,154,154.1,327063,2013,"Lithuania","Poland"
"3369",3369,23.5844838975229,55.6250286678597,3,1,154,154.1,327063,2013,"Lithuania","Poland"
"3370",3370,23.3796989197045,55.437023554343,4,1,154,154.1,327063,2013,"Lithuania","Poland"
"3371",3371,23.1768572637959,55.2486797362754,5,1,154,154.1,327063,2013,"Lithuania","Poland"
"3372",3372,22.9759304686501,55.0600027689459,6,1,154,154.1,327063,2013,"Lithuania","Poland"
"3373",3373,22.7768905322722,54.8709980985913,7,1,154,154.1,327063,2013,"Lithuania","Poland"
"3374",3374,22.5797099050336,54.6816710648038,8,1,154,154.1,327063,2013,"Lithuania","Poland"
"3375",3375,22.3843614829019,54.4920269028834,9,1,154,154.1,327063,2013,"Lithuania","Poland"
"3376",3376,22.1908186006931,54.3020707461386,10,1,154,154.1,327063,2013,"Lithuania","Poland"
"3377",3377,21.9990550253511,54.1118076281345,11,1,154,154.1,327063,2013,"Lithuania","Poland"
"3378",3378,21.8090449492622,53.9212424848909,12,1,154,154.1,327063,2013,"Lithuania","Poland"
"3379",3379,21.6207629836074,53.7303801570294,13,1,154,154.1,327063,2013,"Lithuania","Poland"
"3380",3380,21.4341841517586,53.539225391873,14,1,154,154.1,327063,2013,"Lithuania","Poland"
"3381",3381,21.2492838827229,53.3477828454968,15,1,154,154.1,327063,2013,"Lithuania","Poland"
"3382",3382,21.0660380046387,53.1560570847323,16,1,154,154.1,327063,2013,"Lithuania","Poland"
"3383",3383,20.8844227383269,52.9640525891254,17,1,154,154.1,327063,2013,"Lithuania","Poland"
"3384",3384,20.704414690901,52.7717737528501,18,1,154,154.1,327063,2013,"Lithuania","Poland"
"3385",3385,20.525990849439,52.5792248865775,19,1,154,154.1,327063,2013,"Lithuania","Poland"
"3386",3386,20.3491285747187,52.3864102193021,20,1,154,154.1,327063,2013,"Lithuania","Poland"
"3387",3387,20.1738055950209,52.1933339001256,21,1,154,154.1,327063,2013,"Lithuania","Poland"
"3388",3388,20,52,22,1,154,154.1,327063,2013,"Lithuania","Poland"
"3675",3675,5.75,52.5,1,1,168,168.1,1430289,2013,"Netherlands","Belgium"
"3676",3676,5.66369388314423,52.4212364719815,2,1,168,168.1,1430289,2013,"Netherlands","Belgium"
"3677",3677,5.57769569852787,52.3424103344364,3,1,168,168.1,1430289,2013,"Netherlands","Belgium"
"3678",3678,5.49200371908298,52.2635219877894,4,1,168,168.1,1430289,2013,"Netherlands","Belgium"
"3679",3679,5.40661622787342,52.1845718294622,5,1,168,168.1,1430289,2013,"Netherlands","Belgium"
"3680",3680,5.3215315180486,52.1055602538992,6,1,168,168.1,1430289,2013,"Netherlands","Belgium"
"3681",3681,5.23674789279679,52.0264876525914,7,1,168,168.1,1430289,2013,"Netherlands","Belgium"
"3682",3682,5.15226366529836,51.9473544141013,8,1,168,168.1,1430289,2013,"Netherlands","Belgium"
"3683",3683,5.06807715867872,51.8681609240871,9,1,168,168.1,1430289,2013,"Netherlands","Belgium"
"3684",3684,4.98418670596103,51.7889075653263,10,1,168,168.1,1430289,2013,"Netherlands","Belgium"
"3685",3685,4.90059065001879,51.7095947177401,11,1,168,168.1,1430289,2013,"Netherlands","Belgium"
"3686",3686,4.81728734352818,51.6302227584168,12,1,168,168.1,1430289,2013,"Netherlands","Belgium"
"3687",3687,4.73427514892024,51.5507920616353,13,1,168,168.1,1430289,2013,"Netherlands","Belgium"
"3688",3688,4.65155243833294,51.4713029988884,14,1,168,168.1,1430289,2013,"Netherlands","Belgium"
"3689",3689,4.56911759356305,51.3917559389059,15,1,168,168.1,1430289,2013,"Netherlands","Belgium"
"3690",3690,4.48696900601791,51.3121512476775,16,1,168,168.1,1430289,2013,"Netherlands","Belgium"
"3691",3691,4.40510507666706,51.2324892884754,17,1,168,168.1,1430289,2013,"Netherlands","Belgium"
"3692",3692,4.32352421599378,51.1527704218772,18,1,168,168.1,1430289,2013,"Netherlands","Belgium"
"3693",3693,4.2422248439465,51.0729950057878,19,1,168,168.1,1430289,2013,"Netherlands","Belgium"
"3694",3694,4.16120538989015,50.993163395462,20,1,168,168.1,1430289,2013,"Netherlands","Belgium"
"3695",3695,4.08046429255743,50.9132759435261,21,1,168,168.1,1430289,2013,"Netherlands","Belgium"
"3696",3696,4,50.833333,22,1,168,168.1,1430289,2013,"Netherlands","Belgium"
"3719",3719,5.75,52.5,1,1,170,170.1,240758,2013,"Netherlands","Croatia"
"3720",3720,6.28372513189842,52.1710090976596,2,1,170,170.1,240758,2013,"Netherlands","Croatia"
"3721",3721,6.8095866210284,51.8396452135535,3,1,170,170.1,240758,2013,"Netherlands","Croatia"
"3722",3722,7.32773756612434,51.505970934786,4,1,170,170.1,240758,2013,"Netherlands","Croatia"
"3723",3723,7.83832966878217,51.1700471425948,5,1,170,170.1,240758,2013,"Netherlands","Croatia"
"3724",3724,8.34151309280199,50.8319330498131,6,1,170,170.1,240758,2013,"Netherlands","Croatia"
"3725",3725,8.83743633931882,50.4916862387723,7,1,170,170.1,240758,2013,"Netherlands","Croatia"
"3726",3726,9.32624613663336,50.1493626994877,8,1,170,170.1,240758,2013,"Netherlands","Croatia"
"3727",3727,9.80808734370232,49.8050168679868,9,1,170,170.1,240758,2013,"Netherlands","Croatia"
"3728",3728,10.2831028662962,49.4587016646554,10,1,170,170.1,240758,2013,"Netherlands","Croatia"
"3729",3729,10.751433584882,49.1104685324861,11,1,170,170.1,240758,2013,"Netherlands","Croatia"
"3730",3730,11.2132182933362,48.7603674751324,12,1,170,170.1,240758,2013,"Netherlands","Croatia"
"3731",3731,11.668593647643,48.4084470946751,13,1,170,170.1,240758,2013,"Netherlands","Croatia"
"3732",3732,12.1176941237807,48.0547546290272,14,1,170,170.1,240758,2013,"Netherlands","Croatia"
"3733",3733,12.5606519840428,47.6993359889043,15,1,170,170.1,240758,2013,"Netherlands","Croatia"
"3734",3734,12.9975972510907,47.3422357943043,16,1,170,170.1,240758,2013,"Netherlands","Croatia"
"3735",3735,13.4286576890738,46.9834974104418,17,1,170,170.1,240758,2013,"Netherlands","Croatia"
"3736",3736,13.8539587911987,46.6231629830957,18,1,170,170.1,240758,2013,"Netherlands","Croatia"
"3737",3737,14.273623773167,46.2612734733301,19,1,170,170.1,240758,2013,"Netherlands","Croatia"
"3738",3738,14.6877735719428,45.8978686915593,20,1,170,170.1,240758,2013,"Netherlands","Croatia"
"3739",3739,15.0965268493456,45.5329873309299,21,1,170,170.1,240758,2013,"Netherlands","Croatia"
"3740",3740,15.5,45.166667,22,1,170,170.1,240758,2013,"Netherlands","Croatia"
"3785",3785,5.75,52.5,1,1,173,173.1,6971978,2013,"Netherlands","Germany"
"3786",3786,5.9809211162709,52.4567654902729,2,1,173,173.1,6971978,2013,"Netherlands","Germany"
"3787",3787,6.21138686573168,52.4130821959858,3,1,173,173.1,6971978,2013,"Netherlands","Germany"
"3788",3788,6.44139418930261,52.3689517120457,4,1,173,173.1,6971978,2013,"Netherlands","Germany"
"3789",3789,6.67094008709214,52.3243756422302,5,1,173,173.1,6971978,2013,"Netherlands","Germany"
"3790",3790,6.90002161833312,52.2793555989456,6,1,173,173.1,6971978,2013,"Netherlands","Germany"
"3791",3791,7.12863590130404,52.2338932029873,7,1,173,173.1,6971978,2013,"Netherlands","Germany"
"3792",3792,7.35678011323571,52.1879900832999,8,1,173,173.1,6971978,2013,"Netherlands","Germany"
"3793",3793,7.58445149020356,52.1416478767394,9,1,173,173.1,6971978,2013,"Netherlands","Germany"
"3794",3794,7.8116473270058,52.0948682278352,10,1,173,173.1,6971978,2013,"Netherlands","Germany"
"3795",3795,8.03836497702768,52.0476527885545,11,1,173,173.1,6971978,2013,"Netherlands","Germany"
"3796",3796,8.26460185209221,52.0000032180671,12,1,173,173.1,6971978,2013,"Netherlands","Germany"
"3797",3797,8.49035542229739,51.9519211825115,13,1,173,173.1,6971978,2013,"Netherlands","Germany"
"3798",3798,8.71562321584051,51.9034083547625,14,1,173,173.1,6971978,2013,"Netherlands","Germany"
"3799",3799,8.94040281882947,51.8544664141998,15,1,173,173.1,6971978,2013,"Netherlands","Germany"
"3800",3800,9.16469187508164,51.8050970464789,16,1,173,173.1,6971978,2013,"Netherlands","Germany"
"3801",3801,9.38848808591037,51.7553019433018,17,1,173,173.1,6971978,2013,"Netherlands","Germany"
"3802",3802,9.61178920989951,51.7050828021912,18,1,173,173.1,6971978,2013,"Netherlands","Germany"
"3803",3803,9.83459306266617,51.6544413262645,19,1,173,173.1,6971978,2013,"Netherlands","Germany"
"3804",3804,10.056897516612,51.6033792240103,20,1,173,173.1,6971978,2013,"Netherlands","Germany"
"3805",3805,10.2787005006632,51.5518982090666,21,1,173,173.1,6971978,2013,"Netherlands","Germany"
"3806",3806,10.5,51.5,22,1,173,173.1,6971978,2013,"Netherlands","Germany"
"3829",3829,5.75,52.5,1,1,175,175.1,373896,2013,"Netherlands","Hungary"
"3830",3830,6.50303633997028,52.2802594462803,2,1,175,175.1,373896,2013,"Netherlands","Hungary"
"3831",3831,7.24856186012139,52.0557768486993,3,1,175,175.1,373896,2013,"Netherlands","Hungary"
"3832",3832,7.98655579285303,51.8266376218056,4,1,175,175.1,373896,2013,"Netherlands","Hungary"
"3833",3833,8.71700542599041,51.5929269080074,5,1,175,175.1,373896,2013,"Netherlands","Hungary"
"3834",3834,9.43990575356171,51.3547294843508,6,1,175,175.1,373896,2013,"Netherlands","Hungary"
"3835",3835,10.1552591236924,51.1121296751364,7,1,175,175.1,373896,2013,"Netherlands","Hungary"
"3836",3836,10.8630748854179,50.8652112703122,8,1,175,175.1,373896,2013,"Netherlands","Hungary"
"3837",3837,11.5633690360745,50.6140574495557,9,1,175,175.1,373896,2013,"Netherlands","Hungary"
"3838",3838,12.256163870786,50.3587507119342,10,1,175,175.1,373896,2013,"Netherlands","Hungary"
"3839",3839,12.9414876354224,50.099372811013,11,1,175,175.1,373896,2013,"Netherlands","Hungary"
"3840",3840,13.6193741842683,49.8360046952655,12,1,175,175.1,373896,2013,"Netherlands","Hungary"
"3841",3841,14.2898626435049,49.5687264536226,13,1,175,175.1,373896,2013,"Netherlands","Hungary"
"3842",3842,14.9529970814776,49.2976172659878,14,1,175,175.1,373896,2013,"Netherlands","Hungary"
"3843",3843,15.6088261865973,49.0227553585359,15,1,175,175.1,373896,2013,"Netherlands","Hungary"
"3844",3844,16.2574029536066,48.7442179636019,16,1,175,175.1,373896,2013,"Netherlands","Hungary"
"3845",3845,16.8987843788262,48.4620812839664,17,1,175,175.1,373896,2013,"Netherlands","Hungary"
"3846",3846,17.533031164894,48.1764204613334,18,1,175,175.1,373896,2013,"Netherlands","Hungary"
"3847",3847,18.1602074354129,47.8873095488012,19,1,175,175.1,373896,2013,"Netherlands","Hungary"
"3848",3848,18.7803804598255,47.5948214871195,20,1,175,175.1,373896,2013,"Netherlands","Hungary"
"3849",3849,19.3936203887592,47.2990280845316,21,1,175,175.1,373896,2013,"Netherlands","Hungary"
"3850",3850,20,47,22,1,175,175.1,373896,2013,"Netherlands","Hungary"
"3851",3851,5.75,52.5,1,1,176,176.1,390729,2013,"Netherlands","Italy"
"3852",3852,6.15357152717745,52.050649944087,2,1,176,176.1,390729,2013,"Netherlands","Italy"
"3853",3853,6.54909483199684,51.5999488838848,3,1,176,176.1,390729,2013,"Netherlands","Italy"
"3854",3854,6.93683317982854,51.1479448546874,4,1,176,176.1,390729,2013,"Netherlands","Italy"
"3855",3855,7.31703998253699,50.6946838352269,5,1,176,176.1,390729,2013,"Netherlands","Italy"
"3856",3856,7.68995919079148,50.2402098500225,6,1,176,176.1,390729,2013,"Netherlands","Italy"
"3857",3857,8.05582567347383,49.7845650662459,7,1,176,176.1,390729,2013,"Netherlands","Italy"
"3858",3858,8.41486558409137,49.3277898853962,8,1,176,176.1,390729,2013,"Netherlands","Italy"
"3859",3859,8.76729671420053,48.8699230300653,9,1,176,176.1,390729,2013,"Netherlands","Italy"
"3860",3860,9.11332883392693,48.411001626062,10,1,176,176.1,390729,2013,"Netherlands","Italy"
"3861",3861,9.45316401973424,47.9510612801473,11,1,176,176.1,390729,2013,"Netherlands","Italy"
"3862",3862,9.78699696964847,47.4901361536258,12,1,176,176.1,390729,2013,"Netherlands","Italy"
"3863",3863,10.1150153061879,47.0282590320206,13,1,176,176.1,390729,2013,"Netherlands","Italy"
"3864",3864,10.4373998672835,46.5654613910498,14,1,176,176.1,390729,2013,"Netherlands","Italy"
"3865",3865,10.7543249855019,46.101773459112,15,1,176,176.1,390729,2013,"Netherlands","Italy"
"3866",3866,11.0659587559033,45.6372242764747,16,1,176,176.1,390729,2013,"Netherlands","Italy"
"3867",3867,11.3724632928807,45.1718417513506,17,1,176,176.1,390729,2013,"Netherlands","Italy"
"3868",3868,11.6739949763382,44.7056527130354,18,1,176,176.1,390729,2013,"Netherlands","Italy"
"3869",3869,11.9707046875707,44.2386829622733,19,1,176,176.1,390729,2013,"Netherlands","Italy"
"3870",3870,12.2627380352106,43.7709573190038,20,1,176,176.1,390729,2013,"Netherlands","Italy"
"3871",3871,12.5502355716069,43.3024996676378,21,1,176,176.1,390729,2013,"Netherlands","Italy"
"3872",3872,12.833333,42.833333,22,1,176,176.1,390729,2013,"Netherlands","Italy"
"3895",3895,5.75,52.5,1,1,178,178.1,594689,2013,"Netherlands","Poland"
"3896",3896,6.43208886193483,52.5153011502756,2,1,178,178.1,594689,2013,"Netherlands","Poland"
"3897",3897,7.11459197499064,52.5266786639103,3,1,178,178.1,594689,2013,"Netherlands","Poland"
"3898",3898,7.79738770627889,52.5341288937071,4,1,178,178.1,594689,2013,"Netherlands","Poland"
"3899",3899,8.48035404780826,52.537649449023,5,1,178,178.1,594689,2013,"Netherlands","Poland"
"3900",3900,9.16336877262569,52.5372391995191,6,1,178,178.1,594689,2013,"Netherlands","Poland"
"3901",3901,9.84630959164811,52.5328982769351,7,1,178,178.1,594689,2013,"Netherlands","Poland"
"3902",3902,10.5290543106903,52.5246280748828,8,1,178,178.1,594689,2013,"Netherlands","Poland"
"3903",3903,11.2114809871931,52.5124312466582,9,1,178,178.1,594689,2013,"Netherlands","Poland"
"3904",3904,11.8934680861583,52.4963117010802,10,1,178,178.1,594689,2013,"Netherlands","Poland"
"3905",3905,12.5748946348009,52.4762745963734,11,1,178,178.1,594689,2013,"Netherlands","Poland"
"3906",3906,13.2556403754362,52.4523263321134,12,1,178,178.1,594689,2013,"Netherlands","Poland"
"3907",3907,13.9355859161317,52.4244745392686,13,1,178,178.1,594689,2013,"Netherlands","Poland"
"3908",3908,14.6146128786647,52.3927280683711,14,1,178,178.1,594689,2013,"Netherlands","Poland"
"3909",3909,15.292604043342,52.3570969758617,15,1,178,178.1,594689,2013,"Netherlands","Poland"
"3910",3910,15.9694434902588,52.3175925086567,16,1,178,178.1,594689,2013,"Netherlands","Poland"
"3911",3911,16.64501673659,52.2742270869924,17,1,178,178.1,594689,2013,"Netherlands","Poland"
"3912",3912,17.3192108695342,52.227014285608,18,1,178,178.1,594689,2013,"Netherlands","Poland"
"3913",3913,17.99191467455,52.175968813332,19,1,178,178.1,594689,2013,"Netherlands","Poland"
"3914",3914,18.6630187585544,52.1211064911439,20,1,178,178.1,594689,2013,"Netherlands","Poland"
"3915",3915,19.3324156677778,52.0624442287852,21,1,178,178.1,594689,2013,"Netherlands","Poland"
"3916",3916,20,52,22,1,178,178.1,594689,2013,"Netherlands","Poland"
"3939",3939,5.75,52.5,1,1,180,180.1,310604,2013,"Netherlands","Romania"
"3940",3940,6.78146338793367,52.2684254911259,2,1,180,180.1,310604,2013,"Netherlands","Romania"
"3941",3941,7.80200297115307,52.0279583107414,3,1,180,180.1,310604,2013,"Netherlands","Romania"
"3942",3942,8.8114294882271,51.7787698319018,4,1,180,180.1,310604,2013,"Netherlands","Romania"
"3943",3943,9.8095793346842,51.5210331578846,5,1,180,180.1,310604,2013,"Netherlands","Romania"
"3944",3944,10.7963137967593,51.2549226820791,6,1,180,180.1,310604,2013,"Netherlands","Romania"
"3945",3945,11.7715182051249,50.9806136685689,7,1,180,180.1,310604,2013,"Netherlands","Romania"
"3946",3946,12.7351010213534,50.6982818545257,8,1,180,180.1,310604,2013,"Netherlands","Romania"
"3947",3947,13.6869928694127,50.4081030752392,9,1,180,180.1,310604,2013,"Netherlands","Romania"
"3948",3948,14.6271455239271,50.1102529123435,10,1,180,180.1,310604,2013,"Netherlands","Romania"
"3949",3949,15.5555308662629,49.8049063655452,11,1,180,180.1,310604,2013,"Netherlands","Romania"
"3950",3950,16.4721398187531,49.4922375479378,12,1,180,180.1,310604,2013,"Netherlands","Romania"
"3951",3951,17.3769812665719,49.1724194047757,13,1,180,180.1,310604,2013,"Netherlands","Romania"
"3952",3952,18.2700809759351,48.8456234554056,14,1,180,180.1,310604,2013,"Netherlands","Romania"
"3953",3953,19.1514805164505,48.5120195578905,15,1,180,180.1,310604,2013,"Netherlands","Romania"
"3954",3954,20.021236194591,48.1717756957292,16,1,180,180.1,310604,2013,"Netherlands","Romania"
"3955",3955,20.8794180044259,47.8250577859566,17,1,180,180.1,310604,2013,"Netherlands","Romania"
"3956",3956,21.7261086009327,47.4720295078201,18,1,180,180.1,310604,2013,"Netherlands","Romania"
"3957",3957,22.5614023004351,47.1128521511491,19,1,180,180.1,310604,2013,"Netherlands","Romania"
"3958",3958,23.3854041119743,46.7476844834795,20,1,180,180.1,310604,2013,"Netherlands","Romania"
"3959",3959,24.1982288027343,46.3766826349554,21,1,180,180.1,310604,2013,"Netherlands","Romania"
"3960",3960,25,46,22,1,180,180.1,310604,2013,"Netherlands","Romania"
"4005",4005,5.75,52.5,1,1,183,183.1,431104,2013,"Netherlands","Spain"
"4006",4006,5.17014485191701,51.9261711669392,2,1,183,183.1,431104,2013,"Netherlands","Spain"
"4007",4007,4.6049645181055,51.3495655287943,3,1,183,183.1,431104,2013,"Netherlands","Spain"
"4008",4008,4.05386380000704,50.7703082256171,4,1,183,183.1,431104,2013,"Netherlands","Spain"
"4009",4009,3.51627397859446,50.1885177320164,5,1,183,183.1,431104,2013,"Netherlands","Spain"
"4010",4010,2.99165167406166,49.604306260124,6,1,183,183.1,431104,2013,"Netherlands","Spain"
"4011",4011,2.47947772758765,49.0177801374194,7,1,183,183.1,431104,2013,"Netherlands","Spain"
"4012",4012,1.97925611021094,48.4290401608283,8,1,183,183.1,431104,2013,"Netherlands","Spain"
"4013",4013,1.49051286262936,47.838181928473,9,1,183,183.1,431104,2013,"Netherlands","Spain"
"4014",4014,1.01279506872224,47.2452961504093,10,1,183,183.1,431104,2013,"Netherlands","Spain"
"4015",4015,0.545669864746191,46.6504689396316,11,1,183,183.1,431104,2013,"Netherlands","Spain"
"4016",4016,0.0887234854579819,46.0537820845709,12,1,183,183.1,431104,2013,"Netherlands","Spain"
"4017",4017,-0.358439652154704,45.4553133042558,13,1,183,183.1,431104,2013,"Netherlands","Spain"
"4018",4018,-0.796197827319414,44.8551364872406,14,1,183,183.1,431104,2013,"Netherlands","Spain"
"4019",4019,-1.22491285626301,44.2533219153516,15,1,183,183.1,431104,2013,"Netherlands","Spain"
"4020",4020,-1.6449308957948,43.6499364732371,16,1,183,183.1,431104,2013,"Netherlands","Spain"
"4021",4021,-2.05658321038623,43.0450438446543,17,1,183,183.1,431104,2013,"Netherlands","Spain"
"4022",4022,-2.460186903628,42.4387046963646,18,1,183,183.1,431104,2013,"Netherlands","Spain"
"4023",4023,-2.85604561508394,41.8309768504593,19,1,183,183.1,431104,2013,"Netherlands","Spain"
"4024",4024,-3.24445018366308,41.2219154458836,20,1,183,183.1,431104,2013,"Netherlands","Spain"
"4025",4025,-3.62567927870254,40.6115730898765,21,1,183,183.1,431104,2013,"Netherlands","Spain"
"4026",4026,-4,40,22,1,183,183.1,431104,2013,"Netherlands","Spain"
"4401",4401,-8,39.5,1,1,201,201.1,195149,2013,"Portugal","Spain"
"4402",4402,-7.81088833780433,39.526907847603,2,1,201,201.1,195149,2013,"Portugal","Spain"
"4403",4403,-7.62163089174396,39.5535090438483,3,1,201,201.1,195149,2013,"Portugal","Spain"
"4404",4404,-7.43222908721661,39.5798030632353,4,1,201,201.1,195149,2013,"Portugal","Spain"
"4405",4405,-7.24268436054071,39.6057893852782,5,1,201,201.1,195149,2013,"Portugal","Spain"
"4406",4406,-7.05299815888046,39.6314674945509,6,1,201,201.1,195149,2013,"Portugal","Spain"
"4407",4407,-6.86317194016909,39.6568368807306,7,1,201,201.1,195149,2013,"Portugal","Spain"
"4408",4408,-6.6732071730304,39.6818970386414,8,1,201,201.1,195149,2013,"Portugal","Spain"
"4409",4409,-6.48310533669838,39.7066474682983,9,1,201,201.1,195149,2013,"Portugal","Spain"
"4410",4410,-6.29286792093518,39.7310876749503,10,1,201,201.1,195149,2013,"Portugal","Spain"
"4411",4411,-6.10249642594722,39.7552171691228,11,1,201,201.1,195149,2013,"Portugal","Spain"
"4412",4412,-5.91199236229951,39.7790354666608,12,1,201,201.1,195149,2013,"Portugal","Spain"
"4413",4413,-5.72135725082833,39.8025420887708,13,1,201,201.1,195149,2013,"Portugal","Spain"
"4414",4414,-5.53059262255194,39.8257365620631,14,1,201,201.1,195149,2013,"Portugal","Spain"
"4415",4415,-5.33970001857975,39.8486184185929,15,1,201,201.1,195149,2013,"Portugal","Spain"
"4416",4416,-5.1486809900196,39.871187195902,16,1,201,201.1,195149,2013,"Portugal","Spain"
"4417",4417,-4.95753709788336,39.8934424370598,17,1,201,201.1,195149,2013,"Portugal","Spain"
"4418",4418,-4.76626991299076,39.9153836907034,18,1,201,201.1,195149,2013,"Portugal","Spain"
"4419",4419,-4.5748810158716,39.9370105110781,19,1,201,201.1,195149,2013,"Portugal","Spain"
"4420",4420,-4.38337199666611,39.9583224580775,20,1,201,201.1,195149,2013,"Portugal","Spain"
"4421",4421,-4.1917444550237,39.9793190972823,21,1,201,201.1,195149,2013,"Portugal","Spain"
"4422",4422,-4,40,22,1,201,201.1,195149,2013,"Portugal","Spain"
"4621",4621,19.5,48.666667,1,1,211,211.1,509820,2013,"Slovakia","Hungary"
"4622",4622,19.5245514470831,48.5873520480621,2,1,211,211.1,509820,2013,"Slovakia","Hungary"
"4623",4623,19.549025945885,48.5080318934772,3,1,211,211.1,509820,2013,"Slovakia","Hungary"
"4624",4624,19.5734239459725,48.4287065669799,4,1,211,211.1,509820,2013,"Slovakia","Hungary"
"4625",4625,19.5977458936086,48.3493760990753,5,1,211,211.1,509820,2013,"Slovakia","Hungary"
"4626",4626,19.6219922317824,48.2700405200411,6,1,211,211.1,509820,2013,"Slovakia","Hungary"
"4627",4627,19.6461634002396,48.1906998599303,7,1,211,211.1,509820,2013,"Slovakia","Hungary"
"4628",4628,19.670259835512,48.1113541485726,8,1,211,211.1,509820,2013,"Slovakia","Hungary"
"4629",4629,19.6942819709468,48.0320034155769,9,1,211,211.1,509820,2013,"Slovakia","Hungary"
"4630",4630,19.718230236736,47.9526476903333,10,1,211,211.1,509820,2013,"Slovakia","Hungary"
"4631",4631,19.7421050599451,47.8732870020148,11,1,211,211.1,509820,2013,"Slovakia","Hungary"
"4632",4632,19.7659068645415,47.79392137958,12,1,211,211.1,509820,2013,"Slovakia","Hungary"
"4633",4633,19.7896360714225,47.7145508517743,13,1,211,211.1,509820,2013,"Slovakia","Hungary"
"4634",4634,19.8132930984435,47.6351754471325,14,1,211,211.1,509820,2013,"Slovakia","Hungary"
"4635",4635,19.8368783604456,47.5557951939804,15,1,211,211.1,509820,2013,"Slovakia","Hungary"
"4636",4636,19.8603922692824,47.4764101204367,16,1,211,211.1,509820,2013,"Slovakia","Hungary"
"4637",4637,19.8838352338476,47.3970202544152,17,1,211,211.1,509820,2013,"Slovakia","Hungary"
"4638",4638,19.9072076601012,47.3176256236264,18,1,211,211.1,509820,2013,"Slovakia","Hungary"
"4639",4639,19.9305099510961,47.2382262555795,19,1,211,211.1,509820,2013,"Slovakia","Hungary"
"4640",4640,19.9537425070045,47.1588221775841,20,1,211,211.1,509820,2013,"Slovakia","Hungary"
"4641",4641,19.9769057251433,47.0794134167522,21,1,211,211.1,509820,2013,"Slovakia","Hungary"
"4642",4642,20,47,22,1,211,211.1,509820,2013,"Slovakia","Hungary"
"4995",4995,-4,40,1,1,228,228.1,1193980,2013,"Spain","Portugal"
"4996",4996,-4.1917444550237,39.9793190972823,2,1,228,228.1,1193980,2013,"Spain","Portugal"
"4997",4997,-4.38337199666611,39.9583224580775,3,1,228,228.1,1193980,2013,"Spain","Portugal"
"4998",4998,-4.5748810158716,39.9370105110781,4,1,228,228.1,1193980,2013,"Spain","Portugal"
"4999",4999,-4.76626991299076,39.9153836907034,5,1,228,228.1,1193980,2013,"Spain","Portugal"
"5000",5000,-4.95753709788335,39.8934424370598,6,1,228,228.1,1193980,2013,"Spain","Portugal"
"5001",5001,-5.1486809900196,39.871187195902,7,1,228,228.1,1193980,2013,"Spain","Portugal"
"5002",5002,-5.33970001857975,39.8486184185929,8,1,228,228.1,1193980,2013,"Spain","Portugal"
"5003",5003,-5.53059262255194,39.8257365620631,9,1,228,228.1,1193980,2013,"Spain","Portugal"
"5004",5004,-5.72135725082833,39.8025420887708,10,1,228,228.1,1193980,2013,"Spain","Portugal"
"5005",5005,-5.91199236229951,39.7790354666608,11,1,228,228.1,1193980,2013,"Spain","Portugal"
"5006",5006,-6.10249642594722,39.7552171691228,12,1,228,228.1,1193980,2013,"Spain","Portugal"
"5007",5007,-6.29286792093518,39.7310876749503,13,1,228,228.1,1193980,2013,"Spain","Portugal"
"5008",5008,-6.48310533669838,39.7066474682983,14,1,228,228.1,1193980,2013,"Spain","Portugal"
"5009",5009,-6.6732071730304,39.6818970386414,15,1,228,228.1,1193980,2013,"Spain","Portugal"
"5010",5010,-6.86317194016909,39.6568368807306,16,1,228,228.1,1193980,2013,"Spain","Portugal"
"5011",5011,-7.05299815888045,39.6314674945509,17,1,228,228.1,1193980,2013,"Spain","Portugal"
"5012",5012,-7.24268436054071,39.6057893852782,18,1,228,228.1,1193980,2013,"Spain","Portugal"
"5013",5013,-7.43222908721661,39.5798030632353,19,1,228,228.1,1193980,2013,"Spain","Portugal"
"5014",5014,-7.62163089174396,39.5535090438483,20,1,228,228.1,1193980,2013,"Spain","Portugal"
"5015",5015,-7.81088833780433,39.526907847603,21,1,228,228.1,1193980,2013,"Spain","Portugal"
"5016",5016,-8,39.5,22,1,228,228.1,1193980,2013,"Spain","Portugal"
